tweet-sno-1198	QO	vclaim-sno-crowded-train-station-ukraine	1	60.33814797991152	SimBa
tweet-sno-1198	QO	vclaim-sno-ukraine-road-sign-russia	1	45.121761434551246	SimBa
tweet-sno-1198	QO	vclaim-sno-covid19-railroad-tankcar	1	44.1760589603156	SimBa
tweet-sno-1198	QO	vclaim-sno-letter-from-vladimir-putin	1	39.72186353156723	SimBa
tweet-sno-1198	QO	vclaim-sno-mueller-yanukovych-photo	1	38.691449806432054	SimBa
tweet-sno-1199	QO	vclaim-sno-elon-musk-starlink-ukraine	1	58.55221618921641	SimBa
tweet-sno-1199	QO	vclaim-sno-crowded-train-station-ukraine	1	41.53954703491607	SimBa
tweet-sno-1199	QO	vclaim-sno-jews-ordered-to-register-in-ukraine	1	36.91571264237882	SimBa
tweet-sno-1199	QO	vclaim-sno-parler-russia	1	36.29348860606825	SimBa
tweet-sno-1199	QO	vclaim-sno-russian-paratroopers-ukraine	1	35.143066551232145	SimBa
tweet-sno-1200	QO	vclaim-sno-elon-musk-starlink-ukraine	1	47.961493311510495	SimBa
tweet-sno-1200	QO	vclaim-sno-aderoid-approaches	1	30.09091006562729	SimBa
tweet-sno-1200	QO	vclaim-sno-strange-signals-are-probably-extraterrestrial	1	30.083860983140184	SimBa
tweet-sno-1200	QO	vclaim-sno-northern-lights-seen-space	1	29.856345644261282	SimBa
tweet-sno-1200	QO	vclaim-sno-elon-musk-grimes-baby-x-ae-a12	1	29.84885947243677	SimBa
tweet-sno-1201	QO	vclaim-sno-elon-musk-starlink-ukraine	1	59.72376383518248	SimBa
tweet-sno-1201	QO	vclaim-sno-zelensky-trump-nothing-wrong	1	37.98507512390829	SimBa
tweet-sno-1201	QO	vclaim-sno-trump-bunker-putin-parody	1	35.370510926929825	SimBa
tweet-sno-1201	QO	vclaim-sno-a-thank-you-to-all-starbucks-customers	1	34.69635056032704	SimBa
tweet-sno-1201	QO	vclaim-sno-russian-warship-us-navy	1	34.52521734537329	SimBa
tweet-sno-1202	QO	vclaim-sno-un-ban-word-war-russia-ukraine	1	66.91208749058475	SimBa
tweet-sno-1202	QO	vclaim-sno-hotel-of-the-gods	1	50.594471503622685	SimBa
tweet-sno-1202	QO	vclaim-sno-un-order-migrant-caravan	1	49.93414825852241	SimBa
tweet-sno-1202	QO	vclaim-sno-taking-kids-to-church-violates-rights	1	45.455648478423825	SimBa
tweet-sno-1202	QO	vclaim-sno-black-lives-matter-terrorist-russia	1	44.029850226032664	SimBa
tweet-sno-1203	QO	vclaim-sno-fox-news-russia-canceled	1	82.14486292709117	SimBa
tweet-sno-1203	QO	vclaim-sno-fox-news-vindman-statement	1	57.01185243900849	SimBa
tweet-sno-1203	QO	vclaim-sno-canadian-fox	1	55.84856127062258	SimBa
tweet-sno-1203	QO	vclaim-sno-was-megyn-kelly-fired-from-nbc	1	53.95918408574927	SimBa
tweet-sno-1203	QO	vclaim-sno-sean-hannity-fired-muslims	1	53.85672009843206	SimBa
tweet-sno-1204	QO	vclaim-sno-killing-stone-split-evil-spirit	1	51.98404560161551	SimBa
tweet-sno-1204	QO	vclaim-sno-annabelle-doll-escape-museum	1	45.5994020357238	SimBa
tweet-sno-1204	QO	vclaim-sno-80-million-year-old-shark	1	40.273681618016695	SimBa
tweet-sno-1204	QO	vclaim-sno-dragon-skeleton-discovered-iceland	1	40.129483607322115	SimBa
tweet-sno-1204	QO	vclaim-sno-remains-buried-vatican	1	36.93967696967006	SimBa
tweet-sno-1205	QO	vclaim-sno-trump-campaign-ad-ukraine	1	43.585326447532765	SimBa
tweet-sno-1205	QO	vclaim-sno-ukraine-road-sign-russia	1	43.566631091397994	SimBa
tweet-sno-1205	QO	vclaim-sno-time-to-go-cover	1	43.1726999351816	SimBa
tweet-sno-1205	QO	vclaim-sno-putin-hitler-time-magazine	1	42.738051791776414	SimBa
tweet-sno-1205	QO	vclaim-sno-a-bogus-banksy	1	42.644009590211596	SimBa
tweet-sno-1206	QO	vclaim-sno-did-aoc-say-this-about-trump	1	75.94107314452677	SimBa
tweet-sno-1206	QO	vclaim-sno-obama-do-something-about-president	1	42.949451666304654	SimBa
tweet-sno-1206	QO	vclaim-sno-nancy-pelosi-cancer-benefit	1	40.84363312442504	SimBa
tweet-sno-1206	QO	vclaim-sno-tomi-lahren-biden-supporters-loot	1	38.58813835609904	SimBa
tweet-sno-1206	QO	vclaim-sno-joe-biden-ask-reporter-junkie	1	38.524030215499415	SimBa
tweet-sno-1207	QO	vclaim-sno-cdc-speech-children-masking	1	84.68947003665012	SimBa
tweet-sno-1207	QO	vclaim-sno-cdc-death-figures	1	43.17407489566711	SimBa
tweet-sno-1207	QO	vclaim-sno-toddlers-killed-americans-terrorists	1	38.27630942079669	SimBa
tweet-sno-1207	QO	vclaim-sno-life-expectancy-in-the-united-states-declining-thanks-to-obamacare	1	36.69347857452088	SimBa
tweet-sno-1207	QO	vclaim-sno-lower-age-of-consent	1	36.27677043743603	SimBa
tweet-sno-1208	QO	vclaim-sno-putin-hitler-time-magazine	1	56.42946847986298	SimBa
tweet-sno-1208	QO	vclaim-sno-trump-loser-of-the-year	1	52.04852454194628	SimBa
tweet-sno-1208	QO	vclaim-sno-liar-chief-time-magazine-cover-real	1	50.456746308342666	SimBa
tweet-sno-1208	QO	vclaim-sno-putin-gives-obama-ultimatum	1	48.60558934067882	SimBa
tweet-sno-1208	QO	vclaim-sno-letter-from-vladimir-putin	1	47.89958167618249	SimBa
tweet-sno-1209	QO	vclaim-sno-ukraine-letter-mark-zuckerberg	1	61.69869651409362	SimBa
tweet-sno-1209	QO	vclaim-sno-facebook-ban-posts-save-children	1	42.54439677693432	SimBa
tweet-sno-1209	QO	vclaim-sno-facebook-australia-ban	1	41.43074631218215	SimBa
tweet-sno-1209	QO	vclaim-sno-false-vladimir-putin-anti-muslim-speech	1	38.81291914213877	SimBa
tweet-sno-1209	QO	vclaim-sno-letter-from-vladimir-putin	1	38.29110906958506	SimBa
tweet-sno-1210	QO	vclaim-sno-ukraine-letter-mark-zuckerberg	1	71.93885362946651	SimBa
tweet-sno-1210	QO	vclaim-sno-facebook-firearms-gun-sales-policy	1	48.48592999484234	SimBa
tweet-sno-1210	QO	vclaim-sno-facebook-ban-posts-save-children	1	47.72573057399023	SimBa
tweet-sno-1210	QO	vclaim-sno-putin-gives-obama-ultimatum	1	46.304883315354616	SimBa
tweet-sno-1210	QO	vclaim-sno-facebook-hack-hurt-offend	1	46.05859717851743	SimBa
tweet-sno-1211	QO	vclaim-sno-ukraine-letter-mark-zuckerberg	1	53.88761206934704	SimBa
tweet-sno-1211	QO	vclaim-sno-un-ban-word-war-russia-ukraine	1	50.06299799195862	SimBa
tweet-sno-1211	QO	vclaim-sno-putin-gives-obama-ultimatum	1	45.352491696643014	SimBa
tweet-sno-1211	QO	vclaim-sno-black-lives-matter-terrorist-russia	1	44.995373535667525	SimBa
tweet-sno-1211	QO	vclaim-sno-putin-issues-arrest-warrant-for-george-soros	1	42.1273599094587	SimBa
tweet-sno-1212	QO	vclaim-sno-anti-war-protester-moscow-sign	1	52.532765709623064	SimBa
tweet-sno-1212	QO	vclaim-sno-crowded-train-station-ukraine	1	49.16021785223016	SimBa
tweet-sno-1212	QO	vclaim-sno-shaun-of-the-dead-protesters	1	46.3884821139136	SimBa
tweet-sno-1212	QO	vclaim-sno-ukraine-road-sign-russia	1	45.94300629402579	SimBa
tweet-sno-1212	QO	vclaim-sno-maga-demonstration-photo	1	45.485277820383175	SimBa
tweet-sno-1213	QO	vclaim-sno-trump-us-troops-landed-ukraine	1	57.41417428568228	SimBa
tweet-sno-1213	QO	vclaim-sno-tucker-carlson-russian-television	1	56.917101882909776	SimBa
tweet-sno-1213	QO	vclaim-sno-russian-tv-trump-agent	1	55.019680461194866	SimBa
tweet-sno-1213	QO	vclaim-sno-putin-destroy-the-new-world-order	1	52.863758187431884	SimBa
tweet-sno-1213	QO	vclaim-sno-putin-gives-obama-ultimatum	1	50.74124120255193	SimBa
tweet-sno-1214	QO	vclaim-sno-tucker-carlson-russian-television	1	83.96866853788165	SimBa
tweet-sno-1214	QO	vclaim-sno-letter-from-vladimir-putin	1	55.86710743278147	SimBa
tweet-sno-1214	QO	vclaim-sno-fox-news-russia-canceled	1	54.7212709869401	SimBa
tweet-sno-1214	QO	vclaim-sno-russian-tv-trump-agent	1	51.81457538249846	SimBa
tweet-sno-1214	QO	vclaim-sno-carlson-actor-couldnt-book-organizers	1	50.536785666366924	SimBa
tweet-sno-1215	QO	vclaim-sno-is-this-ghost-of-kyiv-video-real	1	62.397681991147884	SimBa
tweet-sno-1215	QO	vclaim-sno-arma-game-clip-ukraine	1	50.616482044480605	SimBa
tweet-sno-1215	QO	vclaim-sno-russian-pilot-bridge-1965	1	48.30790229724627	SimBa
tweet-sno-1215	QO	vclaim-sno-russian-paratroopers-ukraine	1	45.77152073567268	SimBa
tweet-sno-1215	QO	vclaim-sno-russian-soldiers-last-words	1	44.31994906843829	SimBa
tweet-sno-1216	QO	vclaim-sno-turkish-chant-putin-looks-like-dick	1	56.28490482399871	SimBa
tweet-sno-1216	QO	vclaim-sno-ukraine-road-sign-russia	1	45.03061512993931	SimBa
tweet-sno-1216	QO	vclaim-sno-anti-war-protester-moscow-sign	1	43.89873024111096	SimBa
tweet-sno-1216	QO	vclaim-sno-niger-germany-world-cup	1	40.718727073785246	SimBa
tweet-sno-1216	QO	vclaim-sno-nfl-black-national-anthem	1	38.68809505389875	SimBa
tweet-sno-1217	QO	vclaim-sno-arma-game-clip-ukraine	1	61.612860859749304	SimBa
tweet-sno-1217	QO	vclaim-sno-is-this-ghost-of-kyiv-video-real	1	54.087278404312094	SimBa
tweet-sno-1217	QO	vclaim-sno-russian-paratroopers-ukraine	1	49.55920230272751	SimBa
tweet-sno-1217	QO	vclaim-sno-israel-nuclear-bomb-syria	1	45.71942583859136	SimBa
tweet-sno-1217	QO	vclaim-sno-c-130	1	43.255808536790994	SimBa
tweet-sno-1218	QO	vclaim-sno-russian-paratroopers-ukraine	1	64.91290857385985	SimBa
tweet-sno-1218	QO	vclaim-sno-russia-exosuit-syria-photo	1	54.94083677652088	SimBa
tweet-sno-1218	QO	vclaim-sno-is-this-ghost-of-kyiv-video-real	1	48.49841204697864	SimBa
tweet-sno-1218	QO	vclaim-sno-arma-game-clip-ukraine	1	46.529717755541405	SimBa
tweet-sno-1218	QO	vclaim-sno-russia-troops-us-borders	1	46.16891160352599	SimBa
tweet-sno-1219	QO	vclaim-sno-trump-us-troops-landed-ukraine	1	66.5195809001782	SimBa
tweet-sno-1219	QO	vclaim-sno-russian-tv-trump-agent	1	53.67776234097225	SimBa
tweet-sno-1219	QO	vclaim-sno-trump-misleading-russian-blackmail	1	50.63116854830831	SimBa
tweet-sno-1219	QO	vclaim-sno-u-s-trump-intelligence-russia	1	49.47010218510452	SimBa
tweet-sno-1219	QO	vclaim-sno-fox-news-russia-canceled	1	49.4425456627169	SimBa
tweet-sno-1220	QO	vclaim-sno-clueless-crocs	1	70.92738316020366	SimBa
tweet-sno-1220	QO	vclaim-sno-kohls-blm-black-lives-matter	1	38.722936665687726	SimBa
tweet-sno-1220	QO	vclaim-sno-toms-shoes	1	37.01156323821661	SimBa
tweet-sno-1220	QO	vclaim-sno-crayola-nipsey-blue-crayon	1	36.813438793794184	SimBa
tweet-sno-1220	QO	vclaim-sno-free-uggs-scam	1	36.124840864582005	SimBa
tweet-sno-1221	QO	vclaim-sno-pharrell-beverly-hills-mansion	1	89.11883814699759	SimBa
tweet-sno-1221	QO	vclaim-sno-obamas-mansion-marthas-vineyard	1	43.92826952488821	SimBa
tweet-sno-1221	QO	vclaim-sno-bel-air-mansion	1	41.59644732461785	SimBa
tweet-sno-1221	QO	vclaim-sno-did-mark-zuckerberg-buy-a-150-million-yacht	1	39.98179807460778	SimBa
tweet-sno-1221	QO	vclaim-sno-jay-z-beyonce-buy-dmx-masters	1	39.51427005369203	SimBa
tweet-sno-1222	QO	vclaim-sno-kandiss-taylor-jesus-guns-babies	1	54.33886688010901	SimBa
tweet-sno-1222	QO	vclaim-sno-did-bachmann-say-jesus-created-rifles	1	48.170256708643215	SimBa
tweet-sno-1222	QO	vclaim-sno-marco-rubio-on-zika-and-abortion	1	45.60029091965967	SimBa
tweet-sno-1222	QO	vclaim-sno-brady-campaign-ad	1	43.84518797565222	SimBa
tweet-sno-1222	QO	vclaim-sno-my-daddys-life-matters-sign	1	42.79039158317035	SimBa
tweet-sno-1223	QO	vclaim-sno-boebert-award-red-lobster	1	66.22079642872265	SimBa
tweet-sno-1223	QO	vclaim-sno-marjorie-taylor-greene-husband	1	42.02797343322291	SimBa
tweet-sno-1223	QO	vclaim-sno-deanna-lorraine-kenosha-shooter	1	39.29504339343191	SimBa
tweet-sno-1223	QO	vclaim-sno-ellen-degeneres-facebook-giveaway	1	37.598508510867745	SimBa
tweet-sno-1223	QO	vclaim-sno-klobuchar-mock-buttigieg	1	37.189106898794925	SimBa
tweet-sno-1224	QO	vclaim-sno-trump-signed-nafta-wrong	1	78.03752298553235	SimBa
tweet-sno-1224	QO	vclaim-sno-trump-sends-unpresidented-tweet	1	48.963043516377596	SimBa
tweet-sno-1224	QO	vclaim-sno-cnn-took-crooked-out-of-trump-tweet-about-clinton	1	47.31078762148873	SimBa
tweet-sno-1224	QO	vclaim-sno-misspelled-tickets-trump-state-uniom	1	46.746209141300966	SimBa
tweet-sno-1224	QO	vclaim-sno-donald-trump-called-canadians-snow-mexicans	1	45.60450093546639	SimBa
tweet-sno-1225	QO	vclaim-sno-eminem-knee-super-bowl	1	74.08465087427408	SimBa
tweet-sno-1225	QO	vclaim-sno-tim-tebow-kneel-anthem	1	54.976030884003364	SimBa
tweet-sno-1225	QO	vclaim-sno-veteran-kaepernick-take-a-knee-anthem	1	51.82615954135196	SimBa
tweet-sno-1225	QO	vclaim-sno-tom-brady-if-anybody-kneels	1	49.32241625215339	SimBa
tweet-sno-1225	QO	vclaim-sno-president-obama-takes-a-knee-during-national-anthem	1	48.624037697795195	SimBa
tweet-sno-1226	QO	vclaim-sno-eminem-knee-super-bowl	1	70.96620744832987	SimBa
tweet-sno-1226	QO	vclaim-sno-fox-sports-cancels-nfl-broadcasts-players-respect-flag	1	51.51344944197767	SimBa
tweet-sno-1226	QO	vclaim-sno-tom-brady-if-anybody-kneels	1	51.242036967986344	SimBa
tweet-sno-1226	QO	vclaim-sno-john-elway-players-kneeling	1	49.56152655543049	SimBa
tweet-sno-1226	QO	vclaim-sno-supreme-court-rule-1943-patriotic-rituals	1	47.793601486945484	SimBa
tweet-sno-1227	QO	vclaim-sno-uh-oh-swastik-os	1	43.73597322045859	SimBa
tweet-sno-1227	QO	vclaim-sno-the-reich-stuff	1	43.041563682284476	SimBa
tweet-sno-1227	QO	vclaim-sno-communist-rules-for-revolution	1	42.63823445773556	SimBa
tweet-sno-1227	QO	vclaim-sno-gazpacho-police	1	40.6082553559746	SimBa
tweet-sno-1227	QO	vclaim-sno-guacamole-means-testicle-sauce	1	40.51446322758507	SimBa
tweet-sno-1228	QO	vclaim-sno-gun-manufacturer-industry	1	68.47228307786935	SimBa
tweet-sno-1228	QO	vclaim-sno-gun-manufacturers-crimes-products	1	65.18436325991539	SimBa
tweet-sno-1228	QO	vclaim-sno-rand-paul-tweet-second-amendment-purpose-shoot-tyrannical-government	1	44.52408565720472	SimBa
tweet-sno-1228	QO	vclaim-sno-sheriff-tim-mueller	1	44.16363149929373	SimBa
tweet-sno-1228	QO	vclaim-sno-montana-firearms-freedom-act	1	43.168465354450646	SimBa
tweet-sno-1229	QO	vclaim-sno-joel-osteen-rip-up-the-bible	1	50.21028167332585	SimBa
tweet-sno-1229	QO	vclaim-sno-trump-kkk-cross-burning	1	49.201412155954756	SimBa
tweet-sno-1229	QO	vclaim-sno-portland-protesters-burn-bibles	1	47.754393666971936	SimBa
tweet-sno-1229	QO	vclaim-sno-80-trump-ballots-burned	1	46.67060362248685	SimBa
tweet-sno-1229	QO	vclaim-sno-did-hardware-store-no-gays-allowed-sign	1	45.01263435461976	SimBa
tweet-sno-1230	QO	vclaim-sno-capitol-window-wave-video	1	73.99218591878531	SimBa
tweet-sno-1230	QO	vclaim-sno-kill-bill	1	48.080503848600145	SimBa
tweet-sno-1230	QO	vclaim-sno-gop-russian-state-tv	1	44.44338715558793	SimBa
tweet-sno-1230	QO	vclaim-sno-boehner-cruz-audiobook	1	43.347757971220105	SimBa
tweet-sno-1230	QO	vclaim-sno-ron-paul-call-congress-psychopathic-authoritarians	1	42.92311339927335	SimBa
tweet-sno-1231	QO	vclaim-sno-capitol-window-wave-video	1	55.00622498243827	SimBa
tweet-sno-1231	QO	vclaim-sno-capitol-riot-podium	1	51.543005842725606	SimBa
tweet-sno-1231	QO	vclaim-sno-capitol-police-opened-gates	1	48.67839592283349	SimBa
tweet-sno-1231	QO	vclaim-sno-rioters-capitol-flagpole	1	45.69546497644316	SimBa
tweet-sno-1231	QO	vclaim-sno-shots-fired-capitol	1	45.10879265172709	SimBa
tweet-sno-1232	QO	vclaim-sno-capitol-window-wave-video	1	59.506828958731596	SimBa
tweet-sno-1232	QO	vclaim-sno-pence-recaptured-after-fleeing-trump-campaign-bus	1	41.4453237545678	SimBa
tweet-sno-1232	QO	vclaim-sno-darrell-issa-avoid-protesters	1	41.02709562159049	SimBa
tweet-sno-1232	QO	vclaim-sno-was-mccabe-escorted-fbi-building	1	40.91822205285938	SimBa
tweet-sno-1232	QO	vclaim-sno-gowdy-custody-investigators-missing	1	40.908882263179095	SimBa
tweet-sno-1233	QO	vclaim-sno-europa-io-jupiter-video	1	58.69573008601555	SimBa
tweet-sno-1233	QO	vclaim-sno-moon-truth	1	43.26122434436586	SimBa
tweet-sno-1233	QO	vclaim-sno-giant-moon-blocking-sun-arctic	1	42.36124067290497	SimBa
tweet-sno-1233	QO	vclaim-sno-tiktok-zombies-finland	1	41.54098790791298	SimBa
tweet-sno-1233	QO	vclaim-sno-moving-crust-video	1	41.15922266715927	SimBa
tweet-sno-1234	QO	vclaim-sno-freedom-convoy-canada	1	67.39646880929789	SimBa
tweet-sno-1234	QO	vclaim-sno-truckers-strike-thanksgiving	1	42.98653419773437	SimBa
tweet-sno-1234	QO	vclaim-sno-anti-trump-protesters-bused-into-austin	1	42.62738125772721	SimBa
tweet-sno-1234	QO	vclaim-sno-highway-sign-consider-canada	1	42.56325145346886	SimBa
tweet-sno-1234	QO	vclaim-sno-ginni-thomas-buses	1	42.28454305571533	SimBa
tweet-sno-1235	QO	vclaim-sno-walmart-canada-covid-vaccination-proof	1	48.8042754209263	SimBa
tweet-sno-1235	QO	vclaim-sno-florida-covid-canadian-tourism	1	47.39565633412606	SimBa
tweet-sno-1235	QO	vclaim-sno-canada-covid-travelers	1	44.19383095736384	SimBa
tweet-sno-1235	QO	vclaim-sno-ny-hospitals-unvaccinated-parents	1	43.60435177831394	SimBa
tweet-sno-1235	QO	vclaim-sno-red-mask-blue-mask-covid	1	42.353193959631476	SimBa
tweet-sno-1236	QO	vclaim-sno-biden-doocy-stupid-bitch	1	64.47943895832778	SimBa
tweet-sno-1236	QO	vclaim-sno-joe-biden-ask-reporter-junkie	1	54.72659968752686	SimBa
tweet-sno-1236	QO	vclaim-sno-bar-owner-biden-ad	1	51.255188605452375	SimBa
tweet-sno-1236	QO	vclaim-sno-trump-biden-resident-meme	1	50.282540876387486	SimBa
tweet-sno-1236	QO	vclaim-sno-karl-rove-biden-inauguration	1	49.91424228268751	SimBa
tweet-sno-1237	QO	vclaim-sno-covid-deaths-4-comorbidities	1	63.310229146641596	SimBa
tweet-sno-1237	QO	vclaim-sno-covid-flu-tamiflu	1	62.11209991599082	SimBa
tweet-sno-1237	QO	vclaim-sno-covid-19-reinfection	1	61.054572259319414	SimBa
tweet-sno-1237	QO	vclaim-sno-flu-vaccine-covid-buttar	1	61.039981052897424	SimBa
tweet-sno-1237	QO	vclaim-sno-covid-19-vaccine-herpes	1	60.636600075064806	SimBa
tweet-sno-1238	QO	vclaim-sno-anne-frank-good-news-quote	1	97.97084486565515	SimBa
tweet-sno-1238	QO	vclaim-sno-anne-frank-flowers-quote	1	46.57473839391031	SimBa
tweet-sno-1238	QO	vclaim-sno-ann-landers-quote-about-aging	1	44.417933453863945	SimBa
tweet-sno-1238	QO	vclaim-sno-did-shakespeare-say-he-always-felt-happy	1	42.78220913218786	SimBa
tweet-sno-1238	QO	vclaim-sno-our-deepest-fear	1	41.559356114738115	SimBa
tweet-sno-1239	QO	vclaim-sno-does-the-rock-own-a-t-rex-skull	1	68.58132228349507	SimBa
tweet-sno-1239	QO	vclaim-sno-titanoboa	1	42.375566484716	SimBa
tweet-sno-1239	QO	vclaim-sno-megalodon-tooth-whale-bone-fossil	1	42.11495571392271	SimBa
tweet-sno-1239	QO	vclaim-sno-moa-troodon-claw-photo	1	42.05627729067517	SimBa
tweet-sno-1239	QO	vclaim-sno-pile-bison-bones-photo	1	42.044898092766374	SimBa
tweet-sno-1240	QO	vclaim-sno-does-the-rock-own-a-t-rex-skull	1	65.01862200258822	SimBa
tweet-sno-1240	QO	vclaim-sno-moa-troodon-claw-photo	1	37.4026486950752	SimBa
tweet-sno-1240	QO	vclaim-sno-johny-bravo-the-rock-powerpuff-girls	1	37.1356218230259	SimBa
tweet-sno-1240	QO	vclaim-sno-barney-unmasked	1	36.350113256616766	SimBa
tweet-sno-1240	QO	vclaim-sno-titanoboa	1	36.12941072226083	SimBa
tweet-sno-1241	QO	vclaim-sno-hidden-tax-credit-journalists	1	78.93858779410313	SimBa
tweet-sno-1241	QO	vclaim-sno-republican-congress-approved-trump-tv	1	50.49188261278973	SimBa
tweet-sno-1241	QO	vclaim-sno-tax-plan-graduate-students	1	46.565912597060176	SimBa
tweet-sno-1241	QO	vclaim-sno-gop-tax-plan-include-tax-cut-private-jet-owners	1	46.1302806796793	SimBa
tweet-sno-1241	QO	vclaim-sno-100k-for-600-stimulus-checks	1	45.800736948167284	SimBa
tweet-sno-1242	QO	vclaim-sno-california-ethnic-studies-genocide	1	77.32056542054515	SimBa
tweet-sno-1242	QO	vclaim-sno-pledge-of-allah-giance	1	47.61461206656236	SimBa
tweet-sno-1242	QO	vclaim-sno-is-california-requiring-students-arabic-numbers	1	46.51985385629146	SimBa
tweet-sno-1242	QO	vclaim-sno-texas-church-shooter-antifa	1	45.385163123652916	SimBa
tweet-sno-1242	QO	vclaim-sno-antifa-flyers-call-for-the-murder-of-white-children	1	44.395674726141536	SimBa
tweet-sno-1243	QO	vclaim-sno-california-ethnic-studies-genocide	1	64.7537873294731	SimBa
tweet-sno-1243	QO	vclaim-sno-one-nation-under-allah	1	43.61310824531992	SimBa
tweet-sno-1243	QO	vclaim-sno-students-praise-allah-common-core	1	40.49573397541772	SimBa
tweet-sno-1243	QO	vclaim-sno-mecca-mecca-why	1	39.03468829762862	SimBa
tweet-sno-1243	QO	vclaim-sno-pledge-of-allah-giance	1	38.328840558274266	SimBa
tweet-sno-1244	QO	vclaim-sno-california-ethnic-studies-genocide	1	35.90179870138482	SimBa
tweet-sno-1244	QO	vclaim-sno-antifa-manual-online	1	35.136817500437544	SimBa
tweet-sno-1244	QO	vclaim-sno-history-lessened	1	35.11861945822741	SimBa
tweet-sno-1244	QO	vclaim-sno-little-gun-history	1	33.39933941507719	SimBa
tweet-sno-1244	QO	vclaim-sno-mlk-education-fact-fiction	1	32.197395743182845	SimBa
tweet-sno-1245	QO	vclaim-sno-joe-rogan-hamburgers	1	76.12271379726123	SimBa
tweet-sno-1245	QO	vclaim-sno-jamie-oliver-mcdonalds-burgers	1	51.07105423324101	SimBa
tweet-sno-1245	QO	vclaim-sno-mcdonalds-100-beef	1	45.77313444707664	SimBa
tweet-sno-1245	QO	vclaim-sno-impossible-burgers-dogfood	1	42.12108751370734	SimBa
tweet-sno-1245	QO	vclaim-sno-joe-biden-corn-dog	1	41.89994258263484	SimBa
tweet-sno-1246	QO	vclaim-sno-robot-bodyguard-king-of-bahrain	1	66.91560452656952	SimBa
tweet-sno-1246	QO	vclaim-sno-saudi-arabia-beheads-robot	1	48.56442038921868	SimBa
tweet-sno-1246	QO	vclaim-sno-florida-air-force-robotic-dogs	1	41.25085165243631	SimBa
tweet-sno-1246	QO	vclaim-sno-saudi-arabia-eases-guardianship-rules-against-women	1	40.065009631004735	SimBa
tweet-sno-1246	QO	vclaim-sno-airport-scanner-detonates	1	38.43471947772674	SimBa
tweet-sno-1247	QO	vclaim-sno-gorsuch-flu-kills-fake-quote	1	71.86927187171926	SimBa
tweet-sno-1247	QO	vclaim-sno-flu-kills-more-people-covid-19	1	51.72473171884585	SimBa
tweet-sno-1247	QO	vclaim-sno-cdc-doctor-flu-shot-dead	1	50.76718835785482	SimBa
tweet-sno-1247	QO	vclaim-sno-trump-quote-never-died-before	1	49.183941974909224	SimBa
tweet-sno-1247	QO	vclaim-sno-trump-covid-19-deadlier-than-flu	1	46.132699655547924	SimBa
tweet-sno-1248	QO	vclaim-sno-djokovic-federer-nadal	1	64.96816331837039	SimBa
tweet-sno-1248	QO	vclaim-sno-djokovic-simone-biles-pressure-privilege	1	33.30331316702555	SimBa
tweet-sno-1248	QO	vclaim-sno-radiohead-fans-left-red-faced-after-applauding-tuning-session	1	31.49369057928149	SimBa
tweet-sno-1248	QO	vclaim-sno-andy-rooney-politics	1	28.799245397725088	SimBa
tweet-sno-1248	QO	vclaim-sno-glasgow-protesters-surround-van	1	28.250815263562245	SimBa
tweet-sno-1249	QO	vclaim-sno-children-hazmat-suits	1	60.049724660803314	SimBa
tweet-sno-1249	QO	vclaim-sno-snorting-smarties	1	51.72423241365823	SimBa
tweet-sno-1249	QO	vclaim-sno-china-boys-dead-face-mask	1	47.80813918576676	SimBa
tweet-sno-1249	QO	vclaim-sno-are-parents-choice-diapers-chemical-burns	1	47.17920245466958	SimBa
tweet-sno-1249	QO	vclaim-sno-wisconsin-transgender-students-force-to-wear-green-bracelets	1	47.10436924805113	SimBa
tweet-sno-1250	QO	vclaim-sno-covid-deaths-4-comorbidities	1	65.50503767650606	SimBa
tweet-sno-1250	QO	vclaim-sno-cdc-mortality-statistics	1	62.77511667594206	SimBa
tweet-sno-1250	QO	vclaim-sno-cdc-guidelines-covid19	1	59.860580829095426	SimBa
tweet-sno-1250	QO	vclaim-sno-bill-mitchell-tweet-55000-covid	1	55.228379455517874	SimBa
tweet-sno-1250	QO	vclaim-sno-ebola-in-the-air-tonight	1	53.60017605884399	SimBa
tweet-sno-1251	QO	vclaim-sno-woodward-bernstein-photo-nixon	1	70.37580027720514	SimBa
tweet-sno-1251	QO	vclaim-sno-lyin-34i34s	1	52.15432750630576	SimBa
tweet-sno-1251	QO	vclaim-sno-nixon-watergate-details-illegally-leaked	1	47.78000455230348	SimBa
tweet-sno-1251	QO	vclaim-sno-hillary-clinton-watergate	1	46.94089103064746	SimBa
tweet-sno-1251	QO	vclaim-sno-roger-stone-richard-nixon	1	46.155229255655016	SimBa
tweet-sno-1252	QO	vclaim-sno-did-china-launch-an-artificial-sun	1	70.38387682906529	SimBa
tweet-sno-1252	QO	vclaim-sno-panda-solar-farm-china	1	55.52822478248273	SimBa
tweet-sno-1252	QO	vclaim-sno-solar-drain	1	44.30039233059545	SimBa
tweet-sno-1252	QO	vclaim-sno-anti-solar-panels-night-power	1	43.86473383259245	SimBa
tweet-sno-1252	QO	vclaim-sno-floating-city-china	1	41.646325349775964	SimBa
tweet-sno-1253	QO	vclaim-sno-david-bowie-newsnight-1999	1	81.3927952957107	SimBa
tweet-sno-1253	QO	vclaim-sno-rock-star-david-bowie	1	46.63087635254871	SimBa
tweet-sno-1253	QO	vclaim-sno-david-bowie-mtv-black-artists	1	43.423701746086095	SimBa
tweet-sno-1253	QO	vclaim-sno-doonesbury-predicted-trump	1	36.78848555890566	SimBa
tweet-sno-1253	QO	vclaim-sno-orwell-1984-smartphone-screens	1	36.35472762792215	SimBa
tweet-sno-1254	QO	vclaim-sno-mike-pence-tweet	1	79.18400461485967	SimBa
tweet-sno-1254	QO	vclaim-sno-trump-threaten-federal-buildings	1	63.01448158599858	SimBa
tweet-sno-1254	QO	vclaim-sno-hang-mike-pence-chant-capitol-riot	1	60.970107054491606	SimBa
tweet-sno-1254	QO	vclaim-sno-mcconnell-trump-attack-capitol	1	60.54381095394564	SimBa
tweet-sno-1254	QO	vclaim-sno-bannon-hell-capitol-attack	1	60.379965312197285	SimBa
tweet-sno-1255	QO	vclaim-sno-law-charges-protesters-with-terrorism	1	61.75333203949958	SimBa
tweet-sno-1255	QO	vclaim-sno-right-to-resist-unlawful-arrest	1	57.853234227575456	SimBa
tweet-sno-1255	QO	vclaim-sno-trump-mob-capitol	1	53.10677475731175	SimBa
tweet-sno-1255	QO	vclaim-sno-militia-bidens-inauguration	1	50.78573055178438	SimBa
tweet-sno-1255	QO	vclaim-sno-rioters-capitol-flagpole	1	50.457410427842454	SimBa
tweet-sno-1256	QO	vclaim-sno-joe-biden-pinch-girls-nipple	1	66.43307179378127	SimBa
tweet-sno-1256	QO	vclaim-sno-biden-accuser-photo	1	52.660303481116436	SimBa
tweet-sno-1256	QO	vclaim-sno-joe-biden-grope-photograph	1	49.56687097824039	SimBa
tweet-sno-1256	QO	vclaim-sno-biden-daughter-photo	1	49.194988210792744	SimBa
tweet-sno-1256	QO	vclaim-sno-biden-discomforting-photo	1	47.94151600736019	SimBa
tweet-sno-1257	QO	vclaim-sno-did-bmw-reveal-a-color-changing-car	1	61.862663929803475	SimBa
tweet-sno-1257	QO	vclaim-sno-paramagnetic-paint-car	1	51.60443866716841	SimBa
tweet-sno-1257	QO	vclaim-sno-cars-melting-in-arizona-heat-wave	1	44.743544633600536	SimBa
tweet-sno-1257	QO	vclaim-sno-dodge-challenger-elephant-skin	1	43.06804415568159	SimBa
tweet-sno-1257	QO	vclaim-sno-hpcd-car-fuel	1	40.66762649481696	SimBa
tweet-sno-1258	QO	vclaim-sno-nasa-planetary-protection-officer	1	51.040057389714846	SimBa
tweet-sno-1258	QO	vclaim-sno-nasa-24-theologians-research-aliens	1	47.28539403830558	SimBa
tweet-sno-1258	QO	vclaim-sno-planet-destroy-earth	1	46.71752285117708	SimBa
tweet-sno-1258	QO	vclaim-sno-secret-terrius-predict-covid19	1	44.706013527164075	SimBa
tweet-sno-1258	QO	vclaim-sno-nasa-mission-to-destroy-asteroid	1	44.31468119166752	SimBa
tweet-sno-1259	QO	vclaim-sno-irs-taxpayers-stolen-items-illegal-income	1	55.4440494407576	SimBa
tweet-sno-1259	QO	vclaim-sno-irs-refund-notification	1	45.86702275330024	SimBa
tweet-sno-1259	QO	vclaim-sno-irs-scam-season	1	44.566921308097186	SimBa
tweet-sno-1259	QO	vclaim-sno-irs-impersonation-telephone-scam	1	44.44987969214134	SimBa
tweet-sno-1259	QO	vclaim-sno-irs-social-security-numbers	1	44.17480444315656	SimBa
tweet-sno-1260	QO	vclaim-sno-more-cars-stolen-on-new-years	1	63.35616692577419	SimBa
tweet-sno-1260	QO	vclaim-sno-thieves-search-christmas-trash	1	52.42191140356941	SimBa
tweet-sno-1260	QO	vclaim-sno-basket-cases	1	44.923000514522656	SimBa
tweet-sno-1260	QO	vclaim-sno-grand-jest-auto	1	44.17282189693681	SimBa
tweet-sno-1260	QO	vclaim-sno-fatal-accidents-new-years-day	1	42.76750828314	SimBa
tweet-sno-1261	QO	vclaim-sno-did-trump-praise-covid-19-vaccines	1	83.10182122012608	SimBa
tweet-sno-1261	QO	vclaim-sno-trump-beautiful-covid-19-vaccine	1	66.91430955122013	SimBa
tweet-sno-1261	QO	vclaim-sno-trump-my-blood-is-the-vaccine	1	64.95922177554117	SimBa
tweet-sno-1261	QO	vclaim-sno-trump-moderna-stock	1	58.55817793137477	SimBa
tweet-sno-1261	QO	vclaim-sno-covid-vaccine-funded-by-trump	1	57.424523053590946	SimBa
tweet-sno-1262	QO	vclaim-sno-p-ness	1	36.61781975268375	SimBa
tweet-sno-1262	QO	vclaim-sno-le-a	1	36.480553766767194	SimBa
tweet-sno-1262	QO	vclaim-sno-ted-cruz-sound-fury-quote	1	34.973393083677976	SimBa
tweet-sno-1262	QO	vclaim-sno-hotel-of-the-gods	1	33.488446108578174	SimBa
tweet-sno-1262	QO	vclaim-sno-homework-spelled-backwards	1	32.48146599053665	SimBa
tweet-sno-1263	QO	vclaim-sno-jesse-watters-faucis-assassination	1	76.38325564925367	SimBa
tweet-sno-1263	QO	vclaim-sno-bannon-fauci-wray-head-pikes	1	48.89492495320105	SimBa
tweet-sno-1263	QO	vclaim-sno-sean-hannity-fired-muslims	1	47.974581983490985	SimBa
tweet-sno-1263	QO	vclaim-sno-carlson-media-lynching-chauvin	1	47.35896830427675	SimBa
tweet-sno-1263	QO	vclaim-sno-don-lemon-terror-threat	1	45.002858975721544	SimBa
tweet-sno-1264	QO	vclaim-sno-jesse-watters-faucis-assassination	1	75.41707775959588	SimBa
tweet-sno-1264	QO	vclaim-sno-bannon-fauci-wray-head-pikes	1	50.191066335627454	SimBa
tweet-sno-1264	QO	vclaim-sno-carlson-media-lynching-chauvin	1	48.172937391998744	SimBa
tweet-sno-1264	QO	vclaim-sno-clyburn-articles-impeachment	1	47.815051972195306	SimBa
tweet-sno-1264	QO	vclaim-sno-trump-threaten-whistleblower	1	46.95923475017883	SimBa
tweet-sno-1265	QO	vclaim-sno-home-alone-mccallister-house	1	78.59669256627225	SimBa
tweet-sno-1265	QO	vclaim-sno-home-alone-world-trade-center	1	41.571937190966196	SimBa
tweet-sno-1265	QO	vclaim-sno-angels-with-filthy-souls-real	1	36.753820647279284	SimBa
tweet-sno-1265	QO	vclaim-sno-home-alone-ticket-thrown-away	1	36.386855122352145	SimBa
tweet-sno-1265	QO	vclaim-sno-kieran-culkin-in-home-alone	1	35.80412959076273	SimBa
tweet-sno-1266	QO	vclaim-sno-elf-nice-names-actual-crew	1	91.75627538602087	SimBa
tweet-sno-1266	QO	vclaim-sno-nsa-on-the-shelf	1	41.79849329583387	SimBa
tweet-sno-1266	QO	vclaim-sno-dozens-died-filming-cats	1	33.376028819351454	SimBa
tweet-sno-1266	QO	vclaim-sno-getting-carded	1	30.62218857454593	SimBa
tweet-sno-1266	QO	vclaim-sno-black-panther-fbi-watch-list	1	30.2332342353351	SimBa
tweet-sno-1267	QO	vclaim-sno-kieran-culkin-in-home-alone	1	96.36563534018131	SimBa
tweet-sno-1267	QO	vclaim-sno-macaulay-culkin-dead	1	54.487392055220916	SimBa
tweet-sno-1267	QO	vclaim-sno-chet-hanks-tom-hanks-son	1	46.72697783240204	SimBa
tweet-sno-1267	QO	vclaim-sno-tom-hanks-related-fred-rogers	1	44.74094420029412	SimBa
tweet-sno-1267	QO	vclaim-sno-sandra-bullock-keanu-reeves	1	44.253462395371734	SimBa
tweet-sno-1268	QO	vclaim-sno-pfizer-bourla-vaccine-microchip	1	77.88758781042334	SimBa
tweet-sno-1268	QO	vclaim-sno-covid-vaccine-female-sterilization	1	53.94320199136895	SimBa
tweet-sno-1268	QO	vclaim-sno-chip-off-the-old-salk	1	52.328067926119076	SimBa
tweet-sno-1268	QO	vclaim-sno-bill-gates-id2020	1	50.04589327920225	SimBa
tweet-sno-1268	QO	vclaim-sno-bill-gates-brief-cia-in-2005	1	49.45057422329877	SimBa
tweet-sno-1269	QO	vclaim-sno-kraft-cream-cheese-shortage	1	53.87743875602621	SimBa
tweet-sno-1269	QO	vclaim-sno-free-cone-day-dq	1	50.15926653129104	SimBa
tweet-sno-1269	QO	vclaim-sno-cheesecake-factory-gift-card	1	44.58654669589367	SimBa
tweet-sno-1269	QO	vclaim-sno-ben-and-jerrys-latke-ice-cream	1	42.68796301036091	SimBa
tweet-sno-1269	QO	vclaim-sno-cadbury-free-chocolate-hampers	1	40.43419655335599	SimBa
tweet-sno-1270	QO	vclaim-sno-biden-bob-dole-end-of-message	1	79.50783786258202	SimBa
tweet-sno-1270	QO	vclaim-sno-joe-biden-stutter	1	52.37699978447526	SimBa
tweet-sno-1270	QO	vclaim-sno-biden-ron-burgundy	1	51.14201198444509	SimBa
tweet-sno-1270	QO	vclaim-sno-biden-botched-pledge	1	48.766701079365816	SimBa
tweet-sno-1270	QO	vclaim-sno-biden-press-conference-notes	1	48.53867655829972	SimBa
tweet-sno-1271	QO	vclaim-sno-gwen-shamblin-death	1	57.382943157787636	SimBa
tweet-sno-1271	QO	vclaim-sno-perry-ramsey-conspiracy-theory	1	44.592252424194534	SimBa
tweet-sno-1271	QO	vclaim-sno-breast-in-peace	1	44.08880554913135	SimBa
tweet-sno-1271	QO	vclaim-sno-dolly-parton-husband	1	41.59863687756062	SimBa
tweet-sno-1271	QO	vclaim-sno-avril-lavigne-dead-conspiracy-theory	1	40.15080870001351	SimBa
tweet-sno-1272	QO	vclaim-sno-kennedy-bloody-shirt	1	53.29427134849951	SimBa
tweet-sno-1272	QO	vclaim-sno-penal-institution	1	46.13268592567141	SimBa
tweet-sno-1272	QO	vclaim-sno-texas-boston-strangler	1	45.568607809797555	SimBa
tweet-sno-1272	QO	vclaim-sno-mccain-carried-air-force-two	1	42.971474506880625	SimBa
tweet-sno-1272	QO	vclaim-sno-waco-david-chipman-photo	1	39.4358215165673	SimBa
tweet-sno-1273	QO	vclaim-sno-ceo-biontech-refuse-vaccine	1	69.13194393870154	SimBa
tweet-sno-1273	QO	vclaim-sno-did-pfizers-vp-blow-whistle-gardasil	1	53.41244440451927	SimBa
tweet-sno-1273	QO	vclaim-sno-flu-shot-avoidance	1	51.67998252290366	SimBa
tweet-sno-1273	QO	vclaim-sno-covid-vaccine-female-sterilization	1	51.63947399363521	SimBa
tweet-sno-1273	QO	vclaim-sno-cdc-halts-us-jj-covid-shots	1	48.54747351364862	SimBa
tweet-sno-1274	QO	vclaim-sno-trump-christmas-card-2021	1	59.941037997590556	SimBa
tweet-sno-1274	QO	vclaim-sno-trumpy-bear	1	50.830118590361955	SimBa
tweet-sno-1274	QO	vclaim-sno-trump-fake-time-covers	1	50.75963604525715	SimBa
tweet-sno-1274	QO	vclaim-sno-white-house-trump-rally	1	50.70657088598918	SimBa
tweet-sno-1274	QO	vclaim-sno-trump-staged-speechwriting-picture	1	50.48006687719712	SimBa
tweet-sno-1275	QO	vclaim-sno-jeffrey-epstein-ghislaine-maxwell-pope	1	69.73757032664447	SimBa
tweet-sno-1275	QO	vclaim-sno-pope-francis-kisses-david-rockefellers-hand	1	60.68681990417556	SimBa
tweet-sno-1275	QO	vclaim-sno-epstein-trumps-photo	1	54.72509557577272	SimBa
tweet-sno-1275	QO	vclaim-sno-jeffrey-epstein-trumps-introduce	1	54.51312209198561	SimBa
tweet-sno-1275	QO	vclaim-sno-pope-francis-pedophile-priests	1	54.16897501737526	SimBa
tweet-sno-1276	QO	vclaim-sno-building-7-collapse	1	72.71069395423481	SimBa
tweet-sno-1276	QO	vclaim-sno-journal-endorses-911-conspiracy-theory	1	62.53294220220823	SimBa
tweet-sno-1276	QO	vclaim-sno-cia-agent-confesses-wtc7	1	58.390245859528434	SimBa
tweet-sno-1276	QO	vclaim-sno-wtc-terrorism-insurance	1	52.7486531845759	SimBa
tweet-sno-1276	QO	vclaim-sno-911-pentagon-attack	1	51.35603692205245	SimBa
tweet-sno-1277	QO	vclaim-sno-omicron-movie-made-in-1960s	1	54.21413413649118	SimBa
tweet-sno-1277	QO	vclaim-sno-columbia-disaster	1	39.70804919268757	SimBa
tweet-sno-1277	QO	vclaim-sno-helltown-document-real-events	1	37.99413392820792	SimBa
tweet-sno-1277	QO	vclaim-sno-the-well-to-hell	1	37.7789223540379	SimBa
tweet-sno-1277	QO	vclaim-sno-nostradamus-notre-dame-fire	1	35.841541329096465	SimBa
tweet-sno-1278	QO	vclaim-sno-omicron-movie-made-in-1960s	1	50.66512685819215	SimBa
tweet-sno-1278	QO	vclaim-sno-simpsons-predict-autocorrect	1	35.66535026666107	SimBa
tweet-sno-1278	QO	vclaim-sno-unfriended	1	34.99229968678341	SimBa
tweet-sno-1278	QO	vclaim-sno-shock-mcstuffins	1	34.29122890552029	SimBa
tweet-sno-1278	QO	vclaim-sno-real-trailer-forrest-gump-2	1	33.153911739653964	SimBa
tweet-sno-1279	QO	vclaim-sno-omicron-movie-made-in-1960s	1	51.95801024589855	SimBa
tweet-sno-1279	QO	vclaim-sno-lqp-79-zombie-virus	1	41.70801924919267	SimBa
tweet-sno-1279	QO	vclaim-sno-i-am-legend-zombie	1	40.52894590740623	SimBa
tweet-sno-1279	QO	vclaim-sno-the-modular-body-videos	1	38.5353926785057	SimBa
tweet-sno-1279	QO	vclaim-sno-chinese-intelligence-coronavirus	1	38.47658108562905	SimBa
tweet-sno-1280	QO	vclaim-sno-buttigieg-electric-cars-gas-prices	1	67.35348384302424	SimBa
tweet-sno-1280	QO	vclaim-sno-fuel-deficient	1	60.31411576635085	SimBa
tweet-sno-1280	QO	vclaim-sno-civic-duty	1	52.705877002148966	SimBa
tweet-sno-1280	QO	vclaim-sno-chevy-revolt	1	48.28673713105063	SimBa
tweet-sno-1280	QO	vclaim-sno-gm-gas-free-2035	1	47.683845537408985	SimBa
tweet-sno-1281	QO	vclaim-sno-meteor-falcon-9-spacex-rocket	1	60.92671346218383	SimBa
tweet-sno-1281	QO	vclaim-sno-shuttle-launch-from-space	1	55.94005153344616	SimBa
tweet-sno-1281	QO	vclaim-sno-spacex-sending-deadly-pathogen	1	51.97607948569606	SimBa
tweet-sno-1281	QO	vclaim-sno-tesla-car-really-space	1	50.03496200283229	SimBa
tweet-sno-1281	QO	vclaim-sno-unidentified-flying-object-seen-as-spacex-rocket-exploded	1	47.99379131353754	SimBa
tweet-sno-1282	QO	vclaim-sno-ghislaine-maxwell-trial-audio	1	45.759184851422745	SimBa
tweet-sno-1282	QO	vclaim-sno-hall-oates-phone-hotline	1	30.195243527166713	SimBa
tweet-sno-1282	QO	vclaim-sno-can-you-hear-me-scam	1	30.142855817580454	SimBa
tweet-sno-1282	QO	vclaim-sno-zoom-teachers-mute	1	29.837574356056443	SimBa
tweet-sno-1282	QO	vclaim-sno-waverly-labs-pilot-earpiece-translates-spoken-language	1	28.856584617693343	SimBa
tweet-sno-1283	QO	vclaim-sno-recall-frozen-cauliflower-listeria	1	84.90518638488476	SimBa
tweet-sno-1283	QO	vclaim-sno-mann-packaged-vegetable-recall	1	62.36296783883917	SimBa
tweet-sno-1283	QO	vclaim-sno-aunt-jemima-pancakes-recall	1	58.68765843569214	SimBa
tweet-sno-1283	QO	vclaim-sno-sargento-recall-fake-news	1	55.90022331035608	SimBa
tweet-sno-1283	QO	vclaim-sno-queasy-mac	1	54.490052449632955	SimBa
tweet-sno-1284	QO	vclaim-sno-biden-bob-dole-end-of-message	1	65.39225697870467	SimBa
tweet-sno-1284	QO	vclaim-sno-biden-teleprompter-interview	1	64.80241092380497	SimBa
tweet-sno-1284	QO	vclaim-sno-biden-ron-burgundy	1	62.064374446962056	SimBa
tweet-sno-1284	QO	vclaim-sno-joe-biden-stutter	1	57.47038185889761	SimBa
tweet-sno-1284	QO	vclaim-sno-biden-press-conference-notes	1	53.458867011476556	SimBa
tweet-sno-1285	QO	vclaim-sno-recall-hand-sanitizer	1	85.18833957396976	SimBa
tweet-sno-1285	QO	vclaim-sno-born-basic-recall	1	63.6083597121021	SimBa
tweet-sno-1285	QO	vclaim-sno-imperfect-recall	1	56.84897928159657	SimBa
tweet-sno-1285	QO	vclaim-sno-dasani-recalled-clear-parasite	1	54.37017244636921	SimBa
tweet-sno-1285	QO	vclaim-sno-baby-wipes-recall	1	53.40569807437002	SimBa
tweet-sno-1286	QO	vclaim-sno-webs-spun-by-lsd-tripping-spiders	1	85.86142638964661	SimBa
tweet-sno-1286	QO	vclaim-sno-mutant-spiders-in-missouri	1	54.12742523048331	SimBa
tweet-sno-1286	QO	vclaim-sno-spider-in-tampon	1	49.65771638251495	SimBa
tweet-sno-1286	QO	vclaim-sno-snake-intake	1	45.6752677389627	SimBa
tweet-sno-1286	QO	vclaim-sno-marijuana-alien-dna	1	45.02200410969157	SimBa
tweet-sno-1287	QO	vclaim-sno-burger-king-adult-meal	1	55.45108329635832	SimBa
tweet-sno-1287	QO	vclaim-sno-krispy-kreme-lube	1	48.38650892456653	SimBa
tweet-sno-1287	QO	vclaim-sno-krispy-kreme-pirate-day	1	47.63740831877526	SimBa
tweet-sno-1287	QO	vclaim-sno-kentucky-fried-chronic	1	45.028710310665346	SimBa
tweet-sno-1287	QO	vclaim-sno-ku-klux-kruller	1	44.73920685615127	SimBa
tweet-sno-1288	QO	vclaim-sno-study-coronavirus-antibodies-deer	1	65.23509550032666	SimBa
tweet-sno-1288	QO	vclaim-sno-dog-flu	1	64.04089594208428	SimBa
tweet-sno-1288	QO	vclaim-sno-coronavirus-graph-spreading-faster	1	55.265064847783094	SimBa
tweet-sno-1288	QO	vclaim-sno-opossums-kill-ticks-inhibit-the-spread-of-lyme-disease	1	52.006339511169244	SimBa
tweet-sno-1288	QO	vclaim-sno-covid-flu-tamiflu	1	51.697544972998486	SimBa
tweet-sno-1289	QO	vclaim-sno-steve-martin-puppy	1	73.8205681537414	SimBa
tweet-sno-1289	QO	vclaim-sno-puppy-butterfly-video-real	1	45.73508164365948	SimBa
tweet-sno-1289	QO	vclaim-sno-the-young-family	1	42.66994423471831	SimBa
tweet-sno-1289	QO	vclaim-sno-puppy-love	1	42.17439017591227	SimBa
tweet-sno-1289	QO	vclaim-sno-dog-saves-abandoned-newborn	1	41.62861058172704	SimBa
tweet-sno-1290	QO	vclaim-sno-lady-gaga-superbowl-simpsons	1	51.08919789276563	SimBa
tweet-sno-1290	QO	vclaim-sno-simpsons-predict-astroworld-tragedy	1	50.46853800121565	SimBa
tweet-sno-1290	QO	vclaim-sno-simpsons-pokemon-go-prediction	1	49.47221571492106	SimBa
tweet-sno-1290	QO	vclaim-sno-simpsons-tv-notre-dame-fire	1	46.99145326263381	SimBa
tweet-sno-1290	QO	vclaim-sno-simpsons-predict-david-censors	1	46.755120430197714	SimBa
tweet-sno-1291	QO	vclaim-sno-simpsons-predict-astroworld-tragedy	1	60.010432388775804	SimBa
tweet-sno-1291	QO	vclaim-sno-simpsons-predict-trump	1	47.55728731963832	SimBa
tweet-sno-1291	QO	vclaim-sno-simpsons-predict-trumps-death	1	47.46085713931298	SimBa
tweet-sno-1291	QO	vclaim-sno-did-the-simpsons-predict-mass-shooting-at-black-panther-movie-screening	1	47.19282721695969	SimBa
tweet-sno-1291	QO	vclaim-sno-simpsons-predict-beirut-explosion	1	47.06896577422786	SimBa
tweet-sno-1292	QO	vclaim-sno-delete-google-chrome-trends	1	75.3093515406331	SimBa
tweet-sno-1292	QO	vclaim-sno-covid-app-tracker	1	39.37045882568309	SimBa
tweet-sno-1292	QO	vclaim-sno-facebook-open-phones-camera	1	38.288052763411805	SimBa
tweet-sno-1292	QO	vclaim-sno-track-of-my-fears	1	38.0437636922745	SimBa
tweet-sno-1292	QO	vclaim-sno-smartphone-pictures-pose-privacy-risks	1	37.380247636127216	SimBa
tweet-sno-1293	QO	vclaim-sno-ivanka-trump-alaska-win	1	41.84129623214655	SimBa
tweet-sno-1293	QO	vclaim-sno-no-gavin-newsom-isnt-missing	1	41.61689951347786	SimBa
tweet-sno-1293	QO	vclaim-sno-trump-healthcare-lesley-stahl	1	40.6900132044384	SimBa
tweet-sno-1293	QO	vclaim-sno-lin-wood-biden-dead-trump	1	40.505095661945596	SimBa
tweet-sno-1293	QO	vclaim-sno-trump-death-hoax	1	39.390495032560594	SimBa
tweet-sno-1294	QO	vclaim-sno-gas-generator-tesla-photo	1	54.71081410534363	SimBa
tweet-sno-1294	QO	vclaim-sno-gm-gas-free-2035	1	52.01829348973227	SimBa
tweet-sno-1294	QO	vclaim-sno-electric-car-1905	1	48.88451129181707	SimBa
tweet-sno-1294	QO	vclaim-sno-total-collapse-wind-solar-germany	1	45.13556443311223	SimBa
tweet-sno-1294	QO	vclaim-sno-ocasio-cortez-cars-hurricanes	1	44.898477324742544	SimBa
tweet-sno-1295	QO	vclaim-sno-satellite-image-diwali	1	81.18401800028593	SimBa
tweet-sno-1295	QO	vclaim-sno-moon-on-radio-telescope	1	51.68913426882031	SimBa
tweet-sno-1295	QO	vclaim-sno-is-sunset-moscow-real	1	51.22204948950022	SimBa
tweet-sno-1295	QO	vclaim-sno-the-view-iss-beautiful	1	50.97327507187906	SimBa
tweet-sno-1295	QO	vclaim-sno-first-photo-sunset-mars	1	49.882906252511795	SimBa
tweet-sno-1296	QO	vclaim-sno-japan-ivermectin-covid-vaccine	1	51.879087522946136	SimBa
tweet-sno-1296	QO	vclaim-sno-valium-effort	1	38.358097457447535	SimBa
tweet-sno-1296	QO	vclaim-sno-did-ivermectin-win-a-nobel-prize	1	38.166878470611465	SimBa
tweet-sno-1296	QO	vclaim-sno-fluoroquinolone-antibiotics-tendon-damage	1	37.24608649019525	SimBa
tweet-sno-1296	QO	vclaim-sno-ivermectin-sterility-in-men	1	36.381063986313166	SimBa
tweet-sno-1297	QO	vclaim-sno-loreal-beagle-testing	1	65.12800681239267	SimBa
tweet-sno-1297	QO	vclaim-sno-fauci-vaccine-experiment-beagles	1	64.87991131771773	SimBa
tweet-sno-1297	QO	vclaim-sno-botched-medical-cannabis-trial-in-france	1	56.16070035524237	SimBa
tweet-sno-1297	QO	vclaim-sno-trifexis	1	53.13057865592346	SimBa
tweet-sno-1297	QO	vclaim-sno-dynamic-pet-products-real-ham-bone	1	52.3714628144122	SimBa
tweet-sno-1298	QO	vclaim-sno-fauci-vaccine-experiment-beagles	1	56.7939171365549	SimBa
tweet-sno-1298	QO	vclaim-sno-peta-lobster-rescue-in-nebraska-kills-captive-creatures	1	46.068496689837716	SimBa
tweet-sno-1298	QO	vclaim-sno-covid19-vaccination-cannibalism	1	43.166497180482665	SimBa
tweet-sno-1298	QO	vclaim-sno-the-pit-and-the-pentothal	1	41.02150556414726	SimBa
tweet-sno-1298	QO	vclaim-sno-peta-taking-pets	1	40.925280112234404	SimBa
tweet-sno-1299	QO	vclaim-sno-peta-mlb-bullpen-arm-barn	1	82.85001007387089	SimBa
tweet-sno-1299	QO	vclaim-sno-bull-scorn	1	38.41175013220804	SimBa
tweet-sno-1299	QO	vclaim-sno-bull-warning-sign-field	1	36.398344011131215	SimBa
tweet-sno-1299	QO	vclaim-sno-chicken-mcbites	1	33.46149863490305	SimBa
tweet-sno-1299	QO	vclaim-sno-peta-boo	1	33.170262116010335	SimBa
tweet-sno-1300	QO	vclaim-sno-immigrant-homicides-us	1	61.14285463438746	SimBa
tweet-sno-1300	QO	vclaim-sno-have-undocumented-killed-63000-us-9-11	1	57.59177921239179	SimBa
tweet-sno-1300	QO	vclaim-sno-criminal-aliens-gang-members	1	51.774769183778524	SimBa
tweet-sno-1300	QO	vclaim-sno-isis-terrorists-guatemala-caravan	1	51.13467264599104	SimBa
tweet-sno-1300	QO	vclaim-sno-700-arrests-el-paso-border	1	51.04074247251051	SimBa
tweet-sno-1301	QO	vclaim-sno-kanye-west-shayk-kardashian	1	66.4659127775567	SimBa
tweet-sno-1301	QO	vclaim-sno-kardashian-west-split	1	47.98464351257634	SimBa
tweet-sno-1301	QO	vclaim-sno-kim-kardashian-dog-fur-coat	1	42.31726263652329	SimBa
tweet-sno-1301	QO	vclaim-sno-nikki-haley-affair-accidentally	1	40.860082399177095	SimBa
tweet-sno-1301	QO	vclaim-sno-jenner-preggers	1	40.093217700025065	SimBa
tweet-sno-1302	QO	vclaim-sno-amc-theaters-open-captions	1	75.029194986696	SimBa
tweet-sno-1302	QO	vclaim-sno-netflix-disney-collection	1	36.35609101208461	SimBa
tweet-sno-1302	QO	vclaim-sno-muppet-show-warning	1	36.21184407745105	SimBa
tweet-sno-1302	QO	vclaim-sno-disney-live-action-hercules	1	35.78633324523007	SimBa
tweet-sno-1302	QO	vclaim-sno-live-action-lilo-stitch-remake	1	35.412602898355416	SimBa
tweet-sno-1303	QO	vclaim-sno-fauci-coronavirus-research-grant	1	61.77457882146567	SimBa
tweet-sno-1303	QO	vclaim-sno-fauci-vaccine-experiment-beagles	1	55.848111262539454	SimBa
tweet-sno-1303	QO	vclaim-sno-florida-labs-busted-covid	1	49.35193834712904	SimBa
tweet-sno-1303	QO	vclaim-sno-covid-vax-false-hiv	1	48.74359239926577	SimBa
tweet-sno-1303	QO	vclaim-sno-luc-montagnier-covid-created-lab	1	48.41506656152008	SimBa
tweet-sno-1304	QO	vclaim-sno-anne-frank-flowers-quote	1	97.51786030782117	SimBa
tweet-sno-1304	QO	vclaim-sno-anne-frank-good-news-quote	1	47.574832937485596	SimBa
tweet-sno-1304	QO	vclaim-sno-obituary-trump-clinton	1	46.32421588063129	SimBa
tweet-sno-1304	QO	vclaim-sno-erma-bombecks-regrets	1	45.57640269710875	SimBa
tweet-sno-1304	QO	vclaim-sno-ghost-under-bed	1	42.10704706592639	SimBa
tweet-sno-1305	QO	vclaim-sno-maxine-waters-subpoena-trump	1	49.54756344184503	SimBa
tweet-sno-1305	QO	vclaim-sno-pelosi-usps-husband-meme	1	48.78953169603828	SimBa
tweet-sno-1305	QO	vclaim-sno-pelosi-impeachment-social-security	1	48.03192783755949	SimBa
tweet-sno-1305	QO	vclaim-sno-pelosi-democrats-police-tactics	1	47.841435079858016	SimBa
tweet-sno-1305	QO	vclaim-sno-impeachment-consulting-fees	1	47.755501584876946	SimBa
tweet-sno-1306	QO	vclaim-sno-kevin-james-sexy	1	45.06779969369171	SimBa
tweet-sno-1306	QO	vclaim-sno-koobface	1	40.43233045913275	SimBa
tweet-sno-1306	QO	vclaim-sno-lottery-winner-shane-missler-giving-away-money-retweets	1	40.00971563424689	SimBa
tweet-sno-1306	QO	vclaim-sno-social-sharecurity	1	39.68347562587296	SimBa
tweet-sno-1306	QO	vclaim-sno-condom-snorting-challenge	1	38.74741840394327	SimBa
tweet-sno-1307	QO	vclaim-sno-toronto-bar-cheer-kevin-durant-injury	1	69.92434511099489	SimBa
tweet-sno-1307	QO	vclaim-sno-bieber-smackdown	1	36.905091147583825	SimBa
tweet-sno-1307	QO	vclaim-sno-steph-curry-suspended-nba-finals	1	35.74640409087738	SimBa
tweet-sno-1307	QO	vclaim-sno-kevin-hart-mugged-photo	1	34.53513026320377	SimBa
tweet-sno-1307	QO	vclaim-sno-jock-shock	1	32.77441342774289	SimBa
tweet-sno-1308	QO	vclaim-sno-columbus-day-north-america-discovery	1	50.19312482621787	SimBa
tweet-sno-1308	QO	vclaim-sno-michele-bachmann-columbus-day	1	45.855048440223904	SimBa
tweet-sno-1308	QO	vclaim-sno-presidents-day	1	42.26916217470959	SimBa
tweet-sno-1308	QO	vclaim-sno-cinco-de-mayo	1	41.096222486546935	SimBa
tweet-sno-1308	QO	vclaim-sno-dia-de-los-muertos-remembrance	1	40.84240223252986	SimBa
tweet-sno-1309	QO	vclaim-sno-nasa-mission-to-destroy-asteroid	1	69.67199282763882	SimBa
tweet-sno-1309	QO	vclaim-sno-nasa-warns-nibiru-is-headed-straight-for-earth	1	52.88358483368515	SimBa
tweet-sno-1309	QO	vclaim-sno-asteroid-hit-after-valentines-day	1	51.02605591638759	SimBa
tweet-sno-1309	QO	vclaim-sno-will-a-doomsday-asteroid-destroy-earth-in-february-2017	1	50.960111402567826	SimBa
tweet-sno-1309	QO	vclaim-sno-asteroid-hit-earth-on-christmas	1	50.371342973407295	SimBa
tweet-sno-1310	QO	vclaim-sno-nasa-mission-to-destroy-asteroid	1	73.46125721952507	SimBa
tweet-sno-1310	QO	vclaim-sno-will-a-doomsday-asteroid-destroy-earth-in-february-2017	1	53.98740366671704	SimBa
tweet-sno-1310	QO	vclaim-sno-asteroid-hit-after-valentines-day	1	53.922332189952414	SimBa
tweet-sno-1310	QO	vclaim-sno-asteroid-hit-earth-on-christmas	1	53.91336845086508	SimBa
tweet-sno-1310	QO	vclaim-sno-asteroid-earth-clickbait-study	1	53.54125527729234	SimBa
tweet-sno-1311	QO	vclaim-sno-ny-hospitals-unvaccinated-parents	1	60.96247455908596	SimBa
tweet-sno-1311	QO	vclaim-sno-flu-shot-avoidance	1	43.38369852490307	SimBa
tweet-sno-1311	QO	vclaim-sno-breast-practices	1	42.8986304734208	SimBa
tweet-sno-1311	QO	vclaim-sno-cdc-refusing-vaccine-racism	1	42.26760547091516	SimBa
tweet-sno-1311	QO	vclaim-sno-brooklyn-refusing-vaccinate-pets	1	41.33411187736759	SimBa
tweet-sno-1312	QO	vclaim-sno-ice-cream-registration-notice	1	36.8195929157107	SimBa
tweet-sno-1312	QO	vclaim-sno-skadden-on-thin-ice	1	36.294520637501975	SimBa
tweet-sno-1312	QO	vclaim-sno-greenmail	1	36.07418257404427	SimBa
tweet-sno-1312	QO	vclaim-sno-skittles-lime-flavor-is-back	1	34.746652927505394	SimBa
tweet-sno-1312	QO	vclaim-sno-cnn-microphone-intern	1	32.47497907720887	SimBa
tweet-sno-1313	QO	vclaim-sno-skittles-lime-flavor-is-back	1	56.290751968972515	SimBa
tweet-sno-1313	QO	vclaim-sno-ben-and-jerrys-latke-ice-cream	1	40.07997647308585	SimBa
tweet-sno-1313	QO	vclaim-sno-is-there-a-new-lucky-charms-frosted-flakes-cereal	1	39.69380814069214	SimBa
tweet-sno-1313	QO	vclaim-sno-taste-the-cocainebow	1	39.045229709577924	SimBa
tweet-sno-1313	QO	vclaim-sno-is-green-giant-making-cauliflower-peeps	1	37.967256770104434	SimBa
tweet-sno-1314	QO	vclaim-sno-skittles-lime-flavor-is-back	1	61.48834594830575	SimBa
tweet-sno-1314	QO	vclaim-sno-ben-and-jerrys-latke-ice-cream	1	40.82581805608318	SimBa
tweet-sno-1314	QO	vclaim-sno-taste-the-cocainebow	1	40.23377039866592	SimBa
tweet-sno-1314	QO	vclaim-sno-is-there-a-new-lucky-charms-frosted-flakes-cereal	1	38.68869850563895	SimBa
tweet-sno-1314	QO	vclaim-sno-dewitos	1	37.612613169338694	SimBa
tweet-sno-1315	QO	vclaim-sno-norway-reclassify-covid-as-flu	1	60.32499747871039	SimBa
tweet-sno-1315	QO	vclaim-sno-flu-kills-more-people-covid-19	1	56.60953250634418	SimBa
tweet-sno-1315	QO	vclaim-sno-flu-vaccine-covid-buttar	1	54.21197119568065	SimBa
tweet-sno-1315	QO	vclaim-sno-fauci-chickenpox-covid-19	1	52.783485602875565	SimBa
tweet-sno-1315	QO	vclaim-sno-covid-flu-tamiflu	1	51.48844253702886	SimBa
tweet-sno-1316	QO	vclaim-sno-oodhu-paavai-plant	1	65.41253836539764	SimBa
tweet-sno-1316	QO	vclaim-sno-blow-bubbles-plant	1	52.60319995222149	SimBa
tweet-sno-1316	QO	vclaim-sno-trunk-line	1	45.54348625964436	SimBa
tweet-sno-1316	QO	vclaim-sno-nagapushpa-flower-himalaya	1	45.51933139331645	SimBa
tweet-sno-1316	QO	vclaim-sno-phallic-plant-photo	1	44.43106828255699	SimBa
tweet-sno-1317	QO	vclaim-sno-military-dogs-left-in-afghanistan	1	64.66815846813265	SimBa
tweet-sno-1317	QO	vclaim-sno-marine-corps-dog-adoptions	1	45.55651307358264	SimBa
tweet-sno-1317	QO	vclaim-sno-photographs-show-dozens-dead-dogs-kuwait	1	45.33778332800551	SimBa
tweet-sno-1317	QO	vclaim-sno-trump-dogs-veterans-day	1	43.079668937758754	SimBa
tweet-sno-1317	QO	vclaim-sno-biden-dogs-kicked-out-white-house	1	42.50928840563307	SimBa
tweet-sno-1318	QO	vclaim-sno-nanobot-inseminate-egg-sperm	1	84.22476060966602	SimBa
tweet-sno-1318	QO	vclaim-sno-butthole-surfing-robot	1	55.738924631161666	SimBa
tweet-sno-1318	QO	vclaim-sno-engineer-std-sex-robot	1	48.61570649829858	SimBa
tweet-sno-1318	QO	vclaim-sno-sex-robot-cooking-cleaning	1	47.09557198106104	SimBa
tweet-sno-1318	QO	vclaim-sno-the-modular-body-videos	1	43.17714109212768	SimBa
tweet-sno-1319	QO	vclaim-sno-university-ban-capital-letters	1	47.076288208462444	SimBa
tweet-sno-1319	QO	vclaim-sno-gender-trolls	1	36.23961098074073	SimBa
tweet-sno-1319	QO	vclaim-sno-middle-school-kavanaugh-sign	1	35.06585626515793	SimBa
tweet-sno-1319	QO	vclaim-sno-lggbdtttiqqaapp-lgbt-inclusiveness-training-flyer	1	33.20891963219332	SimBa
tweet-sno-1319	QO	vclaim-sno-math-test	1	33.17366135230018	SimBa
tweet-sno-1320	QO	vclaim-sno-golf-course-burial	1	57.80331383156907	SimBa
tweet-sno-1320	QO	vclaim-sno-gold-tongued-mummies-egypt	1	47.581166517555616	SimBa
tweet-sno-1320	QO	vclaim-sno-knights-templar-caves-shropshire	1	46.01786520868342	SimBa
tweet-sno-1320	QO	vclaim-sno-stone-age-tunnels	1	45.46487721642643	SimBa
tweet-sno-1320	QO	vclaim-sno-alien-mummy-baffles-scientists	1	44.76363608951969	SimBa
tweet-sno-1321	QO	vclaim-sno-biden-vaccines-hurricane-protect	1	75.9583544247939	SimBa
tweet-sno-1321	QO	vclaim-sno-biden-tweet-pandemic	1	60.60428156953412	SimBa
tweet-sno-1321	QO	vclaim-sno-biden-covid-vaccine	1	57.99344271105775	SimBa
tweet-sno-1321	QO	vclaim-sno-biden-350-million-americans-vaccinated	1	57.57160460074428	SimBa
tweet-sno-1321	QO	vclaim-sno-obama-pandemic-preparedness-2014	1	55.20830052094037	SimBa
tweet-sno-1322	QO	vclaim-sno-texas-lawyer-michael-myers-prank	1	54.64869378491272	SimBa
tweet-sno-1322	QO	vclaim-sno-william-shatner-halloween-mask	1	46.266314261394655	SimBa
tweet-sno-1322	QO	vclaim-sno-clown-purge-on-halloween	1	42.12776805190697	SimBa
tweet-sno-1322	QO	vclaim-sno-is-this-alberto-approaching-pensacola-beach	1	41.535205678785026	SimBa
tweet-sno-1322	QO	vclaim-sno-hurricane-dorian-near-florida	1	39.38935668883168	SimBa
tweet-sno-1323	QO	vclaim-sno-jason-derulo-met-gala-stairs	1	69.51171121439607	SimBa
tweet-sno-1323	QO	vclaim-sno-biden-falls-on-stairs	1	40.97195740824948	SimBa
tweet-sno-1323	QO	vclaim-sno-trump-boat-parade-sunken	1	37.28739079108718	SimBa
tweet-sno-1323	QO	vclaim-sno-jay-johnston-capitol-riots	1	36.99498467637312	SimBa
tweet-sno-1323	QO	vclaim-sno-trump-rant-mar-a-lago	1	36.04645802795093	SimBa
tweet-sno-1324	QO	vclaim-sno-emma-raducanu-us-open-airpods	1	74.10842438807686	SimBa
tweet-sno-1324	QO	vclaim-sno-clinton-secret-earpiece-debate	1	37.98796796041927	SimBa
tweet-sno-1324	QO	vclaim-sno-kerri-strug-usa-gold	1	36.388054152844944	SimBa
tweet-sno-1324	QO	vclaim-sno-djokovic-simone-biles-pressure-privilege	1	35.89465599428466	SimBa
tweet-sno-1324	QO	vclaim-sno-hillary-clinton-secret-earpiece	1	35.85782318609466	SimBa
tweet-sno-1325	QO	vclaim-sno-emma-raducanu-us-open-airpods	1	79.16971308304132	SimBa
tweet-sno-1325	QO	vclaim-sno-radio-interview-ocasio-cortez	1	38.13434743131866	SimBa
tweet-sno-1325	QO	vclaim-sno-clinton-secret-earpiece-debate	1	37.072054679019175	SimBa
tweet-sno-1325	QO	vclaim-sno-balls-up-2	1	36.57482266753068	SimBa
tweet-sno-1325	QO	vclaim-sno-ocasio-cortez-price-is-right	1	35.60936515265199	SimBa
tweet-sno-1326	QO	vclaim-sno-tyra-banks-ice-cream	1	67.44158368741967	SimBa
tweet-sno-1326	QO	vclaim-sno-dolly-parton-ice-cream-flavor	1	40.69260009852664	SimBa
tweet-sno-1326	QO	vclaim-sno-ben-and-jerrys-latke-ice-cream	1	39.53374693839307	SimBa
tweet-sno-1326	QO	vclaim-sno-ben-jerrys-impeachmint-ice-cream	1	37.73666533379239	SimBa
tweet-sno-1326	QO	vclaim-sno-hubby-hubby	1	36.240390010124955	SimBa
tweet-sno-1327	QO	vclaim-sno-national-archives-us-constitution	1	59.31602451906977	SimBa
tweet-sno-1327	QO	vclaim-sno-stranger-contact	1	38.58151013859316	SimBa
tweet-sno-1327	QO	vclaim-sno-wingdings	1	37.26847903816647	SimBa
tweet-sno-1327	QO	vclaim-sno-code-for-pedophiles-on-toys	1	36.954691134442214	SimBa
tweet-sno-1327	QO	vclaim-sno-holiday-hate	1	36.42674250899544	SimBa
tweet-sno-1328	QO	vclaim-sno-ivermectin-sterility-in-men	1	67.50421710226112	SimBa
tweet-sno-1328	QO	vclaim-sno-covid-vaccine-female-sterilization	1	51.36418828232314	SimBa
tweet-sno-1328	QO	vclaim-sno-male-birth-control-testing-stopped	1	50.48087106326488	SimBa
tweet-sno-1328	QO	vclaim-sno-male-birth-control-study	1	47.014044214104956	SimBa
tweet-sno-1328	QO	vclaim-sno-sperm-switch-invention-market	1	45.377523299600696	SimBa
tweet-sno-1329	QO	vclaim-sno-did-ivermectin-win-a-nobel-prize	1	57.89476375028502	SimBa
tweet-sno-1329	QO	vclaim-sno-cattle-vaccine-covid-19	1	46.39839174617798	SimBa
tweet-sno-1329	QO	vclaim-sno-ivermectin-sterility-in-men	1	45.16338828089456	SimBa
tweet-sno-1329	QO	vclaim-sno-ivermectin-cure-coronavirus	1	43.557945008729746	SimBa
tweet-sno-1329	QO	vclaim-sno-fauci-vaccine-experiment-beagles	1	39.23559890134648	SimBa
tweet-sno-1330	QO	vclaim-sno-biden-visit-tree-of-life-synagogue	1	52.62942717317347	SimBa
tweet-sno-1330	QO	vclaim-sno-pittsburgh-synagogue-shooting-holocaust-survivor	1	48.89957583857069	SimBa
tweet-sno-1330	QO	vclaim-sno-true-jews-are-more-often-victims-of-hate-crimes-than-muslims	1	45.72029773752015	SimBa
tweet-sno-1330	QO	vclaim-sno-tree-of-life-muslim-groups-donations-mosque	1	44.529606759122956	SimBa
tweet-sno-1330	QO	vclaim-sno-do-not-rejoice-in-the-death-of-one	1	44.259446857252485	SimBa
tweet-sno-1331	QO	vclaim-sno-pittsburgh-synagogue-shooting-holocaust-survivor	1	65.12497380340602	SimBa
tweet-sno-1331	QO	vclaim-sno-biden-visit-tree-of-life-synagogue	1	58.53903133044593	SimBa
tweet-sno-1331	QO	vclaim-sno-true-jews-are-more-often-victims-of-hate-crimes-than-muslims	1	52.237207582429306	SimBa
tweet-sno-1331	QO	vclaim-sno-tree-of-life-muslim-groups-donations-mosque	1	52.11642206602516	SimBa
tweet-sno-1331	QO	vclaim-sno-6-million-more-holocaust-event	1	50.16036798053756	SimBa
tweet-sno-1332	QO	vclaim-sno-andrew-cuomo-dog-governors-mansion	1	39.84708539710117	SimBa
tweet-sno-1332	QO	vclaim-sno-reggie-the-adopted-lab	1	36.91450759351571	SimBa
tweet-sno-1332	QO	vclaim-sno-white-house-oval-pawffice-texas	1	36.551110246093266	SimBa
tweet-sno-1332	QO	vclaim-sno-biden-major-dog-rescue-white-house	1	33.74670095647192	SimBa
tweet-sno-1332	QO	vclaim-sno-florida-puppy-alligators-deputized	1	32.89966238787798	SimBa
tweet-sno-1333	QO	vclaim-sno-andrew-cuomo-dog-governors-mansion	1	69.22572566878192	SimBa
tweet-sno-1333	QO	vclaim-sno-nyt-wilson-address	1	42.56958123358143	SimBa
tweet-sno-1333	QO	vclaim-sno-trump-veteran-service-dog	1	41.826744357494064	SimBa
tweet-sno-1333	QO	vclaim-sno-biden-dogs-kicked-out-white-house	1	41.822678847301916	SimBa
tweet-sno-1333	QO	vclaim-sno-did-trump-say-low-class-pets	1	39.70543148200241	SimBa
tweet-sno-1334	QO	vclaim-sno-trump-wall-damaged-arizona	1	86.43931995823468	SimBa
tweet-sno-1334	QO	vclaim-sno-hurricane-hanna-border-fence	1	58.239840591216506	SimBa
tweet-sno-1334	QO	vclaim-sno-trump-border-dome	1	48.69640584722626	SimBa
tweet-sno-1334	QO	vclaim-sno-san-antonio-border-wall	1	48.08120754417118	SimBa
tweet-sno-1334	QO	vclaim-sno-caravan-border-fence-video	1	45.25561312051066	SimBa
tweet-sno-1335	QO	vclaim-sno-taliban-hanging-black-hawk	1	78.78660489488053	SimBa
tweet-sno-1335	QO	vclaim-sno-chinook-helicopter-afghanistan-rooftop	1	57.23831798171022	SimBa
tweet-sno-1335	QO	vclaim-sno-bowe-bergdahl	1	54.99507824843178	SimBa
tweet-sno-1335	QO	vclaim-sno-meet-mohammad-fazl	1	46.25686127507808	SimBa
tweet-sno-1335	QO	vclaim-sno-us-taliban-arsenal-military-equipment	1	45.24562592128781	SimBa
tweet-sno-1336	QO	vclaim-sno-us-taliban-arsenal-military-equipment	1	60.198709419493866	SimBa
tweet-sno-1336	QO	vclaim-sno-taliban-hanging-black-hawk	1	50.50671528448602	SimBa
tweet-sno-1336	QO	vclaim-sno-did-the-u-s-marines-raid-cia-headquarters	1	50.08823329539614	SimBa
tweet-sno-1336	QO	vclaim-sno-chinook-helicopter-afghanistan-rooftop	1	48.483390521179274	SimBa
tweet-sno-1336	QO	vclaim-sno-screen-capture	1	47.74868067121829	SimBa
tweet-sno-1337	QO	vclaim-sno-weather-channel-hurricane-winds	1	49.6721868809415	SimBa
tweet-sno-1337	QO	vclaim-sno-did-hurricane-irma-create-a-cloud-face	1	43.5267201167211	SimBa
tweet-sno-1337	QO	vclaim-sno-colorful-eye-hurricane-dorian	1	42.85619263282547	SimBa
tweet-sno-1337	QO	vclaim-sno-hurricane-irma-hitting-miami-airport	1	42.65686278021563	SimBa
tweet-sno-1337	QO	vclaim-sno-the-imperfect-storm	1	42.366717089099794	SimBa
tweet-sno-1338	QO	vclaim-sno-biden-asleep-meeting-israeli-pm	1	83.24374022868585	SimBa
tweet-sno-1338	QO	vclaim-sno-biden-fall-asleep-during-interview	1	67.04971599499517	SimBa
tweet-sno-1338	QO	vclaim-sno-ted-cruz-fall-asleep-joe-biden	1	64.15493795083873	SimBa
tweet-sno-1338	QO	vclaim-sno-biden-inaugural-speech	1	57.07616158602535	SimBa
tweet-sno-1338	QO	vclaim-sno-joe-biden-stutter	1	54.26889161421128	SimBa
tweet-sno-1339	QO	vclaim-sno-biden-asleep-meeting-israeli-pm	1	60.8333292969635	SimBa
tweet-sno-1339	QO	vclaim-sno-biden-fall-asleep-during-interview	1	56.450149773258744	SimBa
tweet-sno-1339	QO	vclaim-sno-biden-say-president-harris	1	53.488836048007485	SimBa
tweet-sno-1339	QO	vclaim-sno-trump-biden-resident-meme	1	49.31195685721242	SimBa
tweet-sno-1339	QO	vclaim-sno-biden-doocy-stupid-bitch	1	48.60412981566536	SimBa
tweet-sno-1340	QO	vclaim-sno-biden-asleep-meeting-israeli-pm	1	70.68317615366138	SimBa
tweet-sno-1340	QO	vclaim-sno-biden-fall-asleep-during-interview	1	62.30941085885527	SimBa
tweet-sno-1340	QO	vclaim-sno-ted-cruz-fall-asleep-joe-biden	1	55.447311481241044	SimBa
tweet-sno-1340	QO	vclaim-sno-biden-say-president-harris	1	49.233128274173346	SimBa
tweet-sno-1340	QO	vclaim-sno-c-span-video-joe-biden-ukraine	1	48.83406045064712	SimBa
tweet-sno-1341	QO	vclaim-sno-paws-act-veterans-ptsd-service-dogs	1	84.69079525738904	SimBa
tweet-sno-1341	QO	vclaim-sno-biden-major-dog-rescue-white-house	1	55.20093242745381	SimBa
tweet-sno-1341	QO	vclaim-sno-army-working-dogs-satire	1	49.84190740030147	SimBa
tweet-sno-1341	QO	vclaim-sno-biden-dog-major-indoguration	1	48.93980716571865	SimBa
tweet-sno-1341	QO	vclaim-sno-trump-dogs-veterans-day	1	48.261054108627576	SimBa
tweet-sno-1342	QO	vclaim-sno-half-nelson	1	62.615363152511364	SimBa
tweet-sno-1342	QO	vclaim-sno-kanye-west-name-change	1	59.960046897905045	SimBa
tweet-sno-1342	QO	vclaim-sno-kanye-west-wanted-for-jewelry-insurance-scam	1	52.15070034039819	SimBa
tweet-sno-1342	QO	vclaim-sno-donald-trump-appoints-kanye-west-to-cabinet-position	1	47.64039167342122	SimBa
tweet-sno-1342	QO	vclaim-sno-kanye-west-votes-kentucky	1	47.06360419031527	SimBa
tweet-sno-1343	QO	vclaim-sno-only-fans-reverses-ban-sexually-explicit	1	51.07760269757228	SimBa
tweet-sno-1343	QO	vclaim-sno-identifying-as-clovergender	1	32.87040404085804	SimBa
tweet-sno-1343	QO	vclaim-sno-gay-men-proud-boys-hashtag	1	31.416350661284888	SimBa
tweet-sno-1343	QO	vclaim-sno-onlyfans-trump-ban-capitol	1	30.01351369939562	SimBa
tweet-sno-1343	QO	vclaim-sno-facebook-amen-ban	1	29.459912727889744	SimBa
tweet-sno-1344	QO	vclaim-sno-soldiers-crying-about-trump	1	47.709148388302026	SimBa
tweet-sno-1344	QO	vclaim-sno-was-niger-attack-worse-than-benghazi	1	47.52642470476191	SimBa
tweet-sno-1344	QO	vclaim-sno-u-s-special-forces-killed-a-giant-in-kandahar	1	46.752670406003034	SimBa
tweet-sno-1344	QO	vclaim-sno-exchange-berate	1	46.72704336592221	SimBa
tweet-sno-1344	QO	vclaim-sno-rapid-fire	1	46.65621220327216	SimBa
tweet-sno-1345	QO	vclaim-sno-boebert-taliban-building-back-better	1	56.709251045943205	SimBa
tweet-sno-1345	QO	vclaim-sno-us-taliban-arsenal-military-equipment	1	40.06679360994876	SimBa
tweet-sno-1345	QO	vclaim-sno-trump-taliban-pakistani-prison	1	39.407644172754	SimBa
tweet-sno-1345	QO	vclaim-sno-muslim-community-center	1	35.84861563153147	SimBa
tweet-sno-1345	QO	vclaim-sno-poland-mosque-construction	1	35.22955910669474	SimBa
tweet-sno-1346	QO	vclaim-sno-trump-taliban-pakistani-prison	1	64.61680160741471	SimBa
tweet-sno-1346	QO	vclaim-sno-boebert-taliban-building-back-better	1	54.123513440442295	SimBa
tweet-sno-1346	QO	vclaim-sno-ronald-reagan-taliban-photo	1	46.80543177995504	SimBa
tweet-sno-1346	QO	vclaim-sno-nobel-peace-prize-trump-turkey	1	45.4043161889173	SimBa
tweet-sno-1346	QO	vclaim-sno-rambo-fore	1	43.29763457065137	SimBa
tweet-sno-1347	QO	vclaim-sno-ella-french-daughter	1	57.5411257902026	SimBa
tweet-sno-1347	QO	vclaim-sno-cnn-justine-damond	1	56.65518909961528	SimBa
tweet-sno-1347	QO	vclaim-sno-girl-shot-at-standing-rock	1	49.955508350583	SimBa
tweet-sno-1347	QO	vclaim-sno-john-crawford-police-shooting-meme	1	48.412327681985374	SimBa
tweet-sno-1347	QO	vclaim-sno-toolooz	1	47.672543733370446	SimBa
tweet-sno-1348	QO	vclaim-sno-biden-350-million-americans-vaccinated	1	79.02114646211666	SimBa
tweet-sno-1348	QO	vclaim-sno-did-trump-praise-covid-19-vaccines	1	55.378896531656295	SimBa
tweet-sno-1348	QO	vclaim-sno-biden-150-million-gun-deaths	1	54.991433214576176	SimBa
tweet-sno-1348	QO	vclaim-sno-biden-120million-deaths-covid19	1	53.28224917779883	SimBa
tweet-sno-1348	QO	vclaim-sno-biden-covid-vaccine	1	52.812377125699705	SimBa
tweet-sno-1349	QO	vclaim-sno-alfredo-rivera-video	1	60.289648117106815	SimBa
tweet-sno-1349	QO	vclaim-sno-airplane-forced-to-make-emergency-landing-odor	1	43.58736655445143	SimBa
tweet-sno-1349	QO	vclaim-sno-frontier-airline-passenger-duct-taped	1	43.06192978794048	SimBa
tweet-sno-1349	QO	vclaim-sno-spirit-airlines-military	1	39.06316468572482	SimBa
tweet-sno-1349	QO	vclaim-sno-sky-writing	1	38.03321511306398	SimBa
tweet-sno-1350	QO	vclaim-sno-alfredo-rivera-video	1	61.98533936383203	SimBa
tweet-sno-1350	QO	vclaim-sno-frontier-airline-passenger-duct-taped	1	60.29080926406831	SimBa
tweet-sno-1350	QO	vclaim-sno-come-fly-with-me	1	53.723987301153116	SimBa
tweet-sno-1350	QO	vclaim-sno-united-airlines-baby-slap	1	52.1554108390168	SimBa
tweet-sno-1350	QO	vclaim-sno-obnoxious-passengers	1	50.12376311965869	SimBa
tweet-sno-1351	QO	vclaim-sno-djokovic-simone-biles-pressure-privilege	1	59.38877957103129	SimBa
tweet-sno-1351	QO	vclaim-sno-djokovic-federer-nadal	1	46.16283902213638	SimBa
tweet-sno-1351	QO	vclaim-sno-donald-trump-serena-williams-wimbledon	1	41.44513197156063	SimBa
tweet-sno-1351	QO	vclaim-sno-olympic-games	1	41.35601107755825	SimBa
tweet-sno-1351	QO	vclaim-sno-serena-williams-sick-of-covid	1	40.58061937969564	SimBa
tweet-sno-1352	QO	vclaim-sno-jim-carrey-quote	1	65.55880751825747	SimBa
tweet-sno-1352	QO	vclaim-sno-floor-show	1	30.313093320687752	SimBa
tweet-sno-1352	QO	vclaim-sno-dave-ramsey-wake-up-america	1	29.369761446580746	SimBa
tweet-sno-1352	QO	vclaim-sno-time-alone	1	29.241416556031872	SimBa
tweet-sno-1352	QO	vclaim-sno-high-chair-to-heaven	1	29.092910209103763	SimBa
tweet-sno-1353	QO	vclaim-sno-did-this-mig-land-on-a-dam	1	72.82279390370721	SimBa
tweet-sno-1353	QO	vclaim-sno-russian-paratroopers-ukraine	1	45.702985492891386	SimBa
tweet-sno-1353	QO	vclaim-sno-arma-game-clip-ukraine	1	43.41205103188466	SimBa
tweet-sno-1353	QO	vclaim-sno-is-this-ghost-of-kyiv-video-real	1	43.00599562155158	SimBa
tweet-sno-1353	QO	vclaim-sno-plane-loses-wing	1	41.92858459409461	SimBa
tweet-sno-1354	QO	vclaim-sno-peppa-pig-theme-park	1	59.25814791593172	SimBa
tweet-sno-1354	QO	vclaim-sno-free-disney-theme-park-tickets-scam	1	42.64685828596772	SimBa
tweet-sno-1354	QO	vclaim-sno-disney-world-holiday-box	1	40.12775348795371	SimBa
tweet-sno-1354	QO	vclaim-sno-disneyland-pickle-corn-dog	1	39.1594469815291	SimBa
tweet-sno-1354	QO	vclaim-sno-is-disney-building-resort-toronto-islands	1	39.05273584367808	SimBa
tweet-sno-1355	QO	vclaim-sno-florida-invasive-species	1	70.62128759940848	SimBa
tweet-sno-1355	QO	vclaim-sno-first-chicago-alligator	1	64.2199446014232	SimBa
tweet-sno-1355	QO	vclaim-sno-gator-done	1	55.71389101494619	SimBa
tweet-sno-1355	QO	vclaim-sno-call-police-new-guinea-flatworm	1	50.898313805509574	SimBa
tweet-sno-1355	QO	vclaim-sno-15-foot-diamondback-rattler	1	50.86602127831793	SimBa
tweet-sno-1356	QO	vclaim-sno-space-station-orbit	1	50.34712276268253	SimBa
tweet-sno-1356	QO	vclaim-sno-four-armed-ufo-spotted-by-international-space-station	1	38.43521941769771	SimBa
tweet-sno-1356	QO	vclaim-sno-ufomitted	1	38.101672251641716	SimBa
tweet-sno-1356	QO	vclaim-sno-russia-hack-gps-uss-john-mccain	1	36.1664032626711	SimBa
tweet-sno-1356	QO	vclaim-sno-bbc-nato-russia-nuclear-incident	1	35.56082944096768	SimBa
tweet-sno-1357	QO	vclaim-sno-real-life-spongebob-and-patrick	1	47.36530947696758	SimBa
tweet-sno-1357	QO	vclaim-sno-dangerous-waterspout-video	1	33.45807823335224	SimBa
tweet-sno-1357	QO	vclaim-sno-sea-roach	1	30.46696288269683	SimBa
tweet-sno-1357	QO	vclaim-sno-manatees-mermaids-columbus	1	30.121979872082928	SimBa
tweet-sno-1357	QO	vclaim-sno-spongebob-epstein-island-address	1	29.485321531998054	SimBa
tweet-sno-1358	QO	vclaim-sno-biden-18-wheeler-truck	1	85.09840591914511	SimBa
tweet-sno-1358	QO	vclaim-sno-joe-biden-war-hero-story	1	56.4560254027528	SimBa
tweet-sno-1358	QO	vclaim-sno-biden-lie-wife-killed-drunk-driver	1	53.216039793401045	SimBa
tweet-sno-1358	QO	vclaim-sno-joe-biden-hairy-legs-remark	1	53.023509107222104	SimBa
tweet-sno-1358	QO	vclaim-sno-joe-biden-corn-dog	1	51.46321853121991	SimBa
tweet-sno-1359	QO	vclaim-sno-stop-trying-to-make-fleek-happen	1	34.363353605354305	SimBa
tweet-sno-1359	QO	vclaim-sno-trump-sharpie-notes	1	32.682358230638876	SimBa
tweet-sno-1359	QO	vclaim-sno-if-the-shoe-fits	1	32.215126593650965	SimBa
tweet-sno-1359	QO	vclaim-sno-donald-trump-regretful-tweet	1	32.09806491467537	SimBa
tweet-sno-1359	QO	vclaim-sno-springsteen-trump-grasp-american	1	31.889906791867112	SimBa
tweet-sno-1360	QO	vclaim-sno-kerri-strug-usa-gold	1	72.09509517485475	SimBa
tweet-sno-1360	QO	vclaim-sno-djokovic-simone-biles-pressure-privilege	1	37.582039976467385	SimBa
tweet-sno-1360	QO	vclaim-sno-nadia-comanecis-granddaughter	1	36.88309877142545	SimBa
tweet-sno-1360	QO	vclaim-sno-karolyi-illegal-immigrants	1	36.176196431624	SimBa
tweet-sno-1360	QO	vclaim-sno-iran-censored-female-athletes	1	34.156985340697815	SimBa
tweet-sno-1361	QO	vclaim-sno-kanye-west-living-in-stadium-donda	1	52.75605940610484	SimBa
tweet-sno-1361	QO	vclaim-sno-half-nelson	1	41.73914364498888	SimBa
tweet-sno-1361	QO	vclaim-sno-kanye-west-confederate-flag	1	41.13963253505317	SimBa
tweet-sno-1361	QO	vclaim-sno-kanye-banned	1	38.93572564080969	SimBa
tweet-sno-1361	QO	vclaim-sno-kanye-west-wanted-for-jewelry-insurance-scam	1	38.419627029818585	SimBa
tweet-sno-1362	QO	vclaim-sno-pelosi-national-guard-capitol	1	61.61878799181296	SimBa
tweet-sno-1362	QO	vclaim-sno-pelosi-congress-virus-quote	1	51.77708744203012	SimBa
tweet-sno-1362	QO	vclaim-sno-candace-owens-pelosi-capitol	1	51.61548141429941	SimBa
tweet-sno-1362	QO	vclaim-sno-aoc-capitol-attack	1	49.14726326342087	SimBa
tweet-sno-1362	QO	vclaim-sno-national-guard-capitol-riots	1	48.81715305986371	SimBa
tweet-sno-1363	QO	vclaim-sno-fbi-prince-andrew-twitter	1	49.25228748124455	SimBa
tweet-sno-1363	QO	vclaim-sno-did-biden-say-my-butts-been-wiped	1	46.23787827954077	SimBa
tweet-sno-1363	QO	vclaim-sno-joe-biden-ask-reporter-junkie	1	45.22640137415268	SimBa
tweet-sno-1363	QO	vclaim-sno-comey-pee-tape	1	44.47575002768953	SimBa
tweet-sno-1363	QO	vclaim-sno-sean-spicer-felony-note	1	43.59381218154007	SimBa
tweet-sno-1364	QO	vclaim-sno-nasa-blue-dunes	1	86.46161607039693	SimBa
tweet-sno-1364	QO	vclaim-sno-martian-sunset-spirit	1	57.15643624105441	SimBa
tweet-sno-1364	QO	vclaim-sno-a-curious-shadow	1	54.95026523478235	SimBa
tweet-sno-1364	QO	vclaim-sno-photo-of-earth-venus-jupiter-mars	1	54.06850847683171	SimBa
tweet-sno-1364	QO	vclaim-sno-hairy-spider-monkey-found-mars	1	51.524977733111584	SimBa
tweet-sno-1365	QO	vclaim-sno-viral-video-massive-draft-horse	1	57.60798797752948	SimBa
tweet-sno-1365	QO	vclaim-sno-hercules-biggest-dog	1	50.00587583732661	SimBa
tweet-sno-1365	QO	vclaim-sno-giant-george	1	43.991569728412045	SimBa
tweet-sno-1365	QO	vclaim-sno-flying-horse	1	42.66295153450156	SimBa
tweet-sno-1365	QO	vclaim-sno-450-pound-dog	1	42.65221932335848	SimBa
tweet-sno-1366	QO	vclaim-sno-cleveland-indians-now-guardians	1	63.50274299501437	SimBa
tweet-sno-1366	QO	vclaim-sno-kiss	1	37.821574150541394	SimBa
tweet-sno-1366	QO	vclaim-sno-proud-boys-change-name-leather-men	1	35.25227147535962	SimBa
tweet-sno-1366	QO	vclaim-sno-star-quality	1	33.5073368042645	SimBa
tweet-sno-1366	QO	vclaim-sno-stranger-things-wnba-jersey	1	32.93638386973725	SimBa
tweet-sno-1367	QO	vclaim-sno-macron-quote-unvaccinated	1	68.56934756496251	SimBa
tweet-sno-1367	QO	vclaim-sno-trump-pregnancy-inconvenient	1	43.56849577301429	SimBa
tweet-sno-1367	QO	vclaim-sno-trump-jr-women-rape	1	42.95418589473056	SimBa
tweet-sno-1367	QO	vclaim-sno-biden-covid-vaccine-2	1	42.931761337125444	SimBa
tweet-sno-1367	QO	vclaim-sno-europe-childless-leaders	1	40.70972069098118	SimBa
tweet-sno-1368	QO	vclaim-sno-twitter-dislike-button	1	50.22149090791788	SimBa
tweet-sno-1368	QO	vclaim-sno-text-rbg-50409	1	35.55783478950423	SimBa
tweet-sno-1368	QO	vclaim-sno-facebook-listens	1	32.44951950343773	SimBa
tweet-sno-1368	QO	vclaim-sno-shake-phone-facebook-jail	1	32.39817734123972	SimBa
tweet-sno-1368	QO	vclaim-sno-usps-50409	1	32.06652208046859	SimBa
tweet-sno-1369	QO	vclaim-sno-the-parent-trap-october-11	1	57.217399929230794	SimBa
tweet-sno-1369	QO	vclaim-sno-couple-finds-biological-twins-ivf-treatment	1	43.77462739242751	SimBa
tweet-sno-1369	QO	vclaim-sno-will-smith-have-a-twin	1	43.71717982366367	SimBa
tweet-sno-1369	QO	vclaim-sno-elijah-wood-twin-brother-photo	1	42.491132571381925	SimBa
tweet-sno-1369	QO	vclaim-sno-woman-buried-alive-twins	1	39.53265216957583	SimBa
tweet-sno-1370	QO	vclaim-sno-prop-47-theft-california	1	78.02360777569515	SimBa
tweet-sno-1370	QO	vclaim-sno-san-francisco-shoplifting-video	1	54.22099041559872	SimBa
tweet-sno-1370	QO	vclaim-sno-california-motor-voter-act	1	45.95871093099482	SimBa
tweet-sno-1370	QO	vclaim-sno-california-government-pays-for-criminals-to-take-vacations	1	45.35981265838969	SimBa
tweet-sno-1370	QO	vclaim-sno-child-prostitution-legalized-in-california	1	44.41602692668813	SimBa
tweet-sno-1371	QO	vclaim-sno-anti-sex-beds-2020-olympics	1	79.01373457354481	SimBa
tweet-sno-1371	QO	vclaim-sno-switzerland-hotel-jewish-guests	1	41.27472034617516	SimBa
tweet-sno-1371	QO	vclaim-sno-catching-sexually-transmitted-diseases-while-tanning	1	37.85538482652573	SimBa
tweet-sno-1371	QO	vclaim-sno-abortion-doping-real-practice	1	37.213105559969094	SimBa
tweet-sno-1371	QO	vclaim-sno-angry-atheists-ban-bible	1	37.15059303648741	SimBa
tweet-sno-1372	QO	vclaim-sno-tom-brady-election-white-house	1	84.92614536809727	SimBa
tweet-sno-1372	QO	vclaim-sno-2020-election-over	1	46.181955370679695	SimBa
tweet-sno-1372	QO	vclaim-sno-tom-brady-say-nba-finals-rigged	1	43.767893560348945	SimBa
tweet-sno-1372	QO	vclaim-sno-tom-brady-if-anybody-kneels	1	42.449634931115355	SimBa
tweet-sno-1372	QO	vclaim-sno-devos-40-percent-more-than-half	1	40.56101283736906	SimBa
tweet-sno-1373	QO	vclaim-sno-80-million-year-old-shark	1	80.07140434049678	SimBa
tweet-sno-1373	QO	vclaim-sno-512-year-old-shark	1	65.85638085914074	SimBa
tweet-sno-1373	QO	vclaim-sno-shark-prank	1	64.04768275376382	SimBa
tweet-sno-1373	QO	vclaim-sno-greenland-shark-392-years-old	1	58.88212835145434	SimBa
tweet-sno-1373	QO	vclaim-sno-giant-squid-sighting-japan	1	57.69589161159767	SimBa
tweet-sno-1374	QO	vclaim-sno-illegal-barbershops-sunday-ny	1	66.4810708336752	SimBa
tweet-sno-1374	QO	vclaim-sno-california-laundry-and-shower	1	37.61678464257378	SimBa
tweet-sno-1374	QO	vclaim-sno-supreme-court-rules-drivers-licenses-unnecessary	1	37.61675228557036	SimBa
tweet-sno-1374	QO	vclaim-sno-doj-women-skirts-christian	1	36.37717434221895	SimBa
tweet-sno-1374	QO	vclaim-sno-cindy-hyde-smith-voting-sabbath	1	35.867716074635126	SimBa
tweet-sno-1375	QO	vclaim-sno-mccormick-director-taco-relations	1	78.45367148605261	SimBa
tweet-sno-1375	QO	vclaim-sno-dominos-pizza-data-journalist	1	40.54555243463098	SimBa
tweet-sno-1375	QO	vclaim-sno-taco-bell-major-changes	1	39.56485623065943	SimBa
tweet-sno-1375	QO	vclaim-sno-taco-bell-refried-beans	1	38.692427442095635	SimBa
tweet-sno-1375	QO	vclaim-sno-tesla-hiring-complaints-elon-musk	1	37.26132052759981	SimBa
tweet-sno-1376	QO	vclaim-sno-mccormick-director-taco-relations	1	68.9750541461555	SimBa
tweet-sno-1376	QO	vclaim-sno-dominos-pizza-data-journalist	1	38.99419828455663	SimBa
tweet-sno-1376	QO	vclaim-sno-taco-bell-major-changes	1	38.690224172436956	SimBa
tweet-sno-1376	QO	vclaim-sno-tesla-hiring-complaints-elon-musk	1	38.457640841572186	SimBa
tweet-sno-1376	QO	vclaim-sno-mcdonalds-breakfast-exposed	1	37.12162062337265	SimBa
tweet-sno-1377	QO	vclaim-sno-tucker-carlson-georgia-voter-fraud	1	59.843776647382185	SimBa
tweet-sno-1377	QO	vclaim-sno-smith-and-lesson	1	56.048227000201706	SimBa
tweet-sno-1377	QO	vclaim-sno-carlson-actor-couldnt-book-organizers	1	50.44996991014869	SimBa
tweet-sno-1377	QO	vclaim-sno-atlanta-georgia-voter-fraud-video	1	49.98074828804164	SimBa
tweet-sno-1377	QO	vclaim-sno-cesar-sayoc-izzy-hernandez	1	49.633327512205305	SimBa
tweet-sno-1378	QO	vclaim-sno-pride-flag-us-embassy-vatican	1	67.57775900990114	SimBa
tweet-sno-1378	QO	vclaim-sno-obama-forces-americans-to-celebrate-gay-sex	1	52.454347686381674	SimBa
tweet-sno-1378	QO	vclaim-sno-maps-pride-flag	1	50.06024980846493	SimBa
tweet-sno-1378	QO	vclaim-sno-pence-rainbow-flags-iceland	1	49.16384603963529	SimBa
tweet-sno-1378	QO	vclaim-sno-va-hospital-flag-pride	1	48.0429167250914	SimBa
tweet-sno-1379	QO	vclaim-sno-odni-photoshop-diversity-report	1	67.10886345434756	SimBa
tweet-sno-1379	QO	vclaim-sno-uw-booklet-student-added	1	46.018223141332584	SimBa
tweet-sno-1379	QO	vclaim-sno-usatoday-hybrid-babies-ad-wrap	1	43.33561901469945	SimBa
tweet-sno-1379	QO	vclaim-sno-express-gender-symbol	1	39.7224116623585	SimBa
tweet-sno-1379	QO	vclaim-sno-smith-and-lesson	1	38.71163595188259	SimBa
tweet-sno-1380	QO	vclaim-sno-boebert-ppp-loan	1	60.926843133929864	SimBa
tweet-sno-1380	QO	vclaim-sno-boebert-award-red-lobster	1	45.000160382266756	SimBa
tweet-sno-1380	QO	vclaim-sno-trump-legal-team-four-seasons	1	43.79846649541281	SimBa
tweet-sno-1380	QO	vclaim-sno-donald-trump-mike-pence-logo	1	43.75968259439918	SimBa
tweet-sno-1380	QO	vclaim-sno-cheesecake-factory-receipt	1	41.43255594330411	SimBa
tweet-sno-1381	QO	vclaim-sno-madonna-britney-spears-slavery	1	76.61399689496551	SimBa
tweet-sno-1381	QO	vclaim-sno-katy-perry-grammys-handcuffs	1	43.971238210698814	SimBa
tweet-sno-1381	QO	vclaim-sno-taylor-swift-abortion	1	43.7868689932219	SimBa
tweet-sno-1381	QO	vclaim-sno-pedophiles-music-industry	1	39.47348794372508	SimBa
tweet-sno-1381	QO	vclaim-sno-bella-hadid-anti-semitic-palestine	1	39.3587395290386	SimBa
tweet-sno-1382	QO	vclaim-sno-four-seasons-concert	1	53.144857757929586	SimBa
tweet-sno-1382	QO	vclaim-sno-ticketmaster-class-action-free-ticket-giveaway	1	31.20249704022119	SimBa
tweet-sno-1382	QO	vclaim-sno-freedom-concert	1	31.096007572996413	SimBa
tweet-sno-1382	QO	vclaim-sno-ted-nugent-build-the-wall-concert	1	30.42291099879183	SimBa
tweet-sno-1382	QO	vclaim-sno-ja-rule-fyre-festival-tweet	1	29.549529034569012	SimBa
tweet-sno-1383	QO	vclaim-sno-aldi-free-food-homeless-christmas	1	31.936805496601217	SimBa
tweet-sno-1383	QO	vclaim-sno-mcdonalds-mitten-cups	1	29.629226754891306	SimBa
tweet-sno-1383	QO	vclaim-sno-did-british-pub-chain-ban-remembrance-poppies	1	27.70393037502611	SimBa
tweet-sno-1383	QO	vclaim-sno-mcpizza	1	27.689830711714094	SimBa
tweet-sno-1383	QO	vclaim-sno-taco-bell-menu-change	1	27.58128148693613	SimBa
tweet-sno-1384	QO	vclaim-sno-biden-hit-congressional-baseball	1	68.01770162003037	SimBa
tweet-sno-1384	QO	vclaim-sno-did-biden-say-my-butts-been-wiped	1	48.02350079393632	SimBa
tweet-sno-1384	QO	vclaim-sno-biden-black-athletes-green-mile	1	46.87045153456373	SimBa
tweet-sno-1384	QO	vclaim-sno-golfing-trump-election-results	1	43.922377975730356	SimBa
tweet-sno-1384	QO	vclaim-sno-biden-350-million-americans-vaccinated	1	43.43735636201073	SimBa
tweet-sno-1385	QO	vclaim-sno-paul-rudd-seth-rogen-massage	1	66.25594133130403	SimBa
tweet-sno-1385	QO	vclaim-sno-texas-man-prostitute-wife	1	38.68365799146834	SimBa
tweet-sno-1385	QO	vclaim-sno-keanu-reeves-kidney-cash	1	38.042210394824814	SimBa
tweet-sno-1385	QO	vclaim-sno-adam-west-orgy	1	35.74361301603682	SimBa
tweet-sno-1385	QO	vclaim-sno-the-art-of-marriage	1	35.39571451623702	SimBa
tweet-sno-1386	QO	vclaim-sno-billy-dee-williams-mark-hamill	1	65.86091922272098	SimBa
tweet-sno-1386	QO	vclaim-sno-queen-trump-tiara	1	45.75038005148633	SimBa
tweet-sno-1386	QO	vclaim-sno-mlk-flip-off	1	41.93366904305429	SimBa
tweet-sno-1386	QO	vclaim-sno-trump-protocol-queen-elizabeth	1	40.856564318566924	SimBa
tweet-sno-1386	QO	vclaim-sno-going-postal-3	1	40.7753412653135	SimBa
tweet-sno-1387	QO	vclaim-sno-nfl-sideline-anthem	1	46.88560101118209	SimBa
tweet-sno-1387	QO	vclaim-sno-us-womens-soccer-national-anthem	1	45.95588471924958	SimBa
tweet-sno-1387	QO	vclaim-sno-football-fan-flag-stand-national-anthem	1	45.45190824809937	SimBa
tweet-sno-1387	QO	vclaim-sno-jerry-jones-speech-911	1	44.9846483001875	SimBa
tweet-sno-1387	QO	vclaim-sno-did-eagles-players-kneel-anthem	1	42.228630744124615	SimBa
tweet-sno-1388	QO	vclaim-sno-hobby-lobby-newspaper	1	52.73519142890059	SimBa
tweet-sno-1388	QO	vclaim-sno-hobby-lobby-cotton	1	47.709815773880166	SimBa
tweet-sno-1388	QO	vclaim-sno-hobby-lobby-ceo-slaves	1	44.93878755032335	SimBa
tweet-sno-1388	QO	vclaim-sno-hobby-lobby-coronavirus	1	44.26698061801815	SimBa
tweet-sno-1388	QO	vclaim-sno-walmart-satanic	1	44.17508249747578	SimBa
tweet-sno-1389	QO	vclaim-sno-hobby-lobby-ceo-slaves	1	57.00082872815202	SimBa
tweet-sno-1389	QO	vclaim-sno-petition-to-ban-religious-broadcasting	1	49.73117354469622	SimBa
tweet-sno-1389	QO	vclaim-sno-hobby-lobby-newspaper	1	49.262960247635974	SimBa
tweet-sno-1389	QO	vclaim-sno-stomp-out-atheists	1	48.55625190231025	SimBa
tweet-sno-1389	QO	vclaim-sno-angry-atheists-ban-bible	1	47.71522023359337	SimBa
tweet-sno-1390	QO	vclaim-sno-hobby-lobby-newspaper	1	48.943691898787165	SimBa
tweet-sno-1390	QO	vclaim-sno-kkk-ad-front-page	1	45.11361981132279	SimBa
tweet-sno-1390	QO	vclaim-sno-newspaper-ad-ku-klux-klan-praise-donald-trump	1	44.940452495091456	SimBa
tweet-sno-1390	QO	vclaim-sno-westboro-hero	1	43.18094512893852	SimBa
tweet-sno-1390	QO	vclaim-sno-billy-graham	1	42.18341465706014	SimBa
tweet-sno-1391	QO	vclaim-sno-true-colors-terracotta-soldiers	1	66.90275636915256	SimBa
tweet-sno-1391	QO	vclaim-sno-giant-human-skeleton-photographs	1	46.69280303764374	SimBa
tweet-sno-1391	QO	vclaim-sno-rice-field-art	1	42.93101215264712	SimBa
tweet-sno-1391	QO	vclaim-sno-cicada-shell-art	1	41.56186128326107	SimBa
tweet-sno-1391	QO	vclaim-sno-moa-troodon-claw-photo	1	39.628685022940516	SimBa
tweet-sno-1392	QO	vclaim-sno-bruce-lee-american-citizen	1	46.17961951898798	SimBa
tweet-sno-1392	QO	vclaim-sno-clint-eastwood-leaving-hollywood	1	38.88007696073591	SimBa
tweet-sno-1392	QO	vclaim-sno-bruce-lee-ping-pong	1	35.96221333449151	SimBa
tweet-sno-1392	QO	vclaim-sno-macauley-culkin-satanic-hollywood	1	33.45402282881416	SimBa
tweet-sno-1392	QO	vclaim-sno-mickey-mouse-racial-caricature	1	33.392590012211556	SimBa
tweet-sno-1393	QO	vclaim-sno-rashad-cosby-release-tweet	1	60.84367684248137	SimBa
tweet-sno-1393	QO	vclaim-sno-thats-so-craven	1	49.165352107061565	SimBa
tweet-sno-1393	QO	vclaim-sno-did-planned-parenthood-defend-bill-cosby	1	47.78081803580277	SimBa
tweet-sno-1393	QO	vclaim-sno-woman-paid-to-frame-cosby	1	47.27654812751013	SimBa
tweet-sno-1393	QO	vclaim-sno-oprah-and-bill-cosby	1	46.97382897097616	SimBa
tweet-sno-1394	QO	vclaim-sno-removing-latest-tweets	1	74.08662554530322	SimBa
tweet-sno-1394	QO	vclaim-sno-twitter-dislike-button	1	41.974827536562074	SimBa
tweet-sno-1394	QO	vclaim-sno-twitter-shutting-down-in-2017	1	34.932579913789596	SimBa
tweet-sno-1394	QO	vclaim-sno-twitter-biden-negative-news	1	33.20072851695614	SimBa
tweet-sno-1394	QO	vclaim-sno-india-banning-twitter	1	33.08888762717979	SimBa
tweet-sno-1395	QO	vclaim-sno-new-species-green-capybara	1	69.2014672760775	SimBa
tweet-sno-1395	QO	vclaim-sno-venezuelan-poodle-moth	1	48.234060048276824	SimBa
tweet-sno-1395	QO	vclaim-sno-texas-bonnet-rattlesnake	1	48.17649915043437	SimBa
tweet-sno-1395	QO	vclaim-sno-big-hemipene-energy	1	47.82012312442512	SimBa
tweet-sno-1395	QO	vclaim-sno-the-young-family	1	43.41419198652538	SimBa
tweet-sno-1396	QO	vclaim-sno-mens-soccer-player-sports-bra	1	60.13874200999576	SimBa
tweet-sno-1396	QO	vclaim-sno-us-womens-soccer-nazi-salute	1	45.45239002973521	SimBa
tweet-sno-1396	QO	vclaim-sno-rapinoe-flag-stomp	1	41.75622631391965	SimBa
tweet-sno-1396	QO	vclaim-sno-melania-trump-wore-pussy-bow	1	40.240689337586204	SimBa
tweet-sno-1396	QO	vclaim-sno-kerri-strug-usa-gold	1	39.16466066709424	SimBa
tweet-sno-1397	QO	vclaim-sno-nfl-scrapping-one-helmet-rule	1	68.5731346326204	SimBa
tweet-sno-1397	QO	vclaim-sno-nfl-new-covid-19-helmet	1	51.78281135638554	SimBa
tweet-sno-1397	QO	vclaim-sno-nascar-bans-maga-hats	1	40.28471786248503	SimBa
tweet-sno-1397	QO	vclaim-sno-nfl-fining-players-for-wearing-911-memorial-cleats	1	36.37422561904191	SimBa
tweet-sno-1397	QO	vclaim-sno-nike-alabama	1	34.64111019155324	SimBa
tweet-sno-1398	QO	vclaim-sno-bill-gates-vaccinations-depopulation	1	61.17856621823055	SimBa
tweet-sno-1398	QO	vclaim-sno-bill-gates-id2020	1	61.12286440201418	SimBa
tweet-sno-1398	QO	vclaim-sno-cdc-forced-vaccinations	1	53.59287029944863	SimBa
tweet-sno-1398	QO	vclaim-sno-bill-gates-release-gmo-mosquitoes	1	50.99812059941469	SimBa
tweet-sno-1398	QO	vclaim-sno-bill-gates-india-sued	1	50.56219961664702	SimBa
tweet-sno-1399	QO	vclaim-sno-tucker-carlson-calls-milley-a-pig	1	73.32247114058548	SimBa
tweet-sno-1399	QO	vclaim-sno-biden-doocy-stupid-bitch	1	46.6039354336431	SimBa
tweet-sno-1399	QO	vclaim-sno-you-might-be-a-moron	1	45.71904751221287	SimBa
tweet-sno-1399	QO	vclaim-sno-did-ceo-harley-davidson-trump-moron	1	45.089132739910774	SimBa
tweet-sno-1399	QO	vclaim-sno-sam-clovis-scientists-dumb	1	43.68776431441829	SimBa
tweet-sno-1400	QO	vclaim-sno-karl-rove-biden-inauguration	1	55.67634631480277	SimBa
tweet-sno-1400	QO	vclaim-sno-tucker-carlson-calls-milley-a-pig	1	52.95557006776457	SimBa
tweet-sno-1400	QO	vclaim-sno-sean-hannity-fired-muslims	1	52.009267611250735	SimBa
tweet-sno-1400	QO	vclaim-sno-you-might-be-a-moron	1	50.95018153115545	SimBa
tweet-sno-1400	QO	vclaim-sno-camp-david-conniption	1	47.72758555309574	SimBa
tweet-sno-1401	QO	vclaim-sno-keep-america-american	1	47.41556295155509	SimBa
tweet-sno-1401	QO	vclaim-sno-stop-the-count-chant	1	46.44720520274029	SimBa
tweet-sno-1401	QO	vclaim-sno-donald-trump-purge-slogan	1	45.594998230650496	SimBa
tweet-sno-1401	QO	vclaim-sno-trump-video-insulting-supporters	1	43.6823068971901	SimBa
tweet-sno-1401	QO	vclaim-sno-trump-words-national-anthem	1	42.71132392972771	SimBa
tweet-sno-1402	QO	vclaim-sno-amazon-prime-adults	1	64.12479119708117	SimBa
tweet-sno-1402	QO	vclaim-sno-amazon-prime-increased-prices	1	37.67584754163346	SimBa
tweet-sno-1402	QO	vclaim-sno-amazon-phone-call-scam	1	36.424821857094244	SimBa
tweet-sno-1402	QO	vclaim-sno-purchasing-agreement	1	35.932355685269144	SimBa
tweet-sno-1402	QO	vclaim-sno-aarp-supports-democratic-party	1	35.80930799697026	SimBa
tweet-sno-1403	QO	vclaim-sno-is-a-turtle-shell-really-modified-ribs	1	66.67101541790691	SimBa
tweet-sno-1403	QO	vclaim-sno-leatherback-sea-turtle-mouth	1	51.43616162319026	SimBa
tweet-sno-1403	QO	vclaim-sno-god-turtle-image	1	48.9568847813122	SimBa
tweet-sno-1403	QO	vclaim-sno-large-leatherback-turtle-video	1	48.85339047228514	SimBa
tweet-sno-1403	QO	vclaim-sno-hermit-crab-using-skull-shell	1	45.4393524489773	SimBa
tweet-sno-1404	QO	vclaim-sno-mike-pence-called-traitor	1	71.85823378778912	SimBa
tweet-sno-1404	QO	vclaim-sno-hang-mike-pence-chant-capitol-riot	1	52.46524741514344	SimBa
tweet-sno-1404	QO	vclaim-sno-mike-pence-muslim-ban-offensive	1	48.864118250630696	SimBa
tweet-sno-1404	QO	vclaim-sno-luis-gutierrez-state-of-the-union	1	48.73964626182381	SimBa
tweet-sno-1404	QO	vclaim-sno-stop-the-count-chant	1	48.318414403635785	SimBa
tweet-sno-1405	QO	vclaim-sno-tucker-carlson-capitol-attack	1	61.80132525392089	SimBa
tweet-sno-1405	QO	vclaim-sno-fox-news-benghazi-probe-hoax	1	54.99756754757996	SimBa
tweet-sno-1405	QO	vclaim-sno-cesar-sayoc-izzy-hernandez	1	54.43171804264277	SimBa
tweet-sno-1405	QO	vclaim-sno-mcconnell-trump-attack-capitol	1	54.022293378971625	SimBa
tweet-sno-1405	QO	vclaim-sno-fox-news-comey	1	53.85425488880536	SimBa
tweet-sno-1406	QO	vclaim-sno-park-seo-joon-marvel-sequel	1	78.74539544604787	SimBa
tweet-sno-1406	QO	vclaim-sno-step-brothers-2-hoax	1	36.797972916196656	SimBa
tweet-sno-1406	QO	vclaim-sno-disney-pixar-boo	1	36.5681564247242	SimBa
tweet-sno-1406	QO	vclaim-sno-sonic-new-redesign	1	36.16110661245277	SimBa
tweet-sno-1406	QO	vclaim-sno-tom-hanks-movie-netflix	1	36.15624280501122	SimBa
